shapeID,name,sol,pop,area_km2,parent,sol_0,growth,abs_change,growth_2dates,period_growth,trend_growth,trend_lo,trend_hi,trend_p,trend_n,z_robust,eligible,z_signal,flag
96644757B24539393832458,Province de Khémisset إقليم الخميسات,1620.94,550928,7690.19,Rabat-Salé-Kenitra,855.169,0.0687485,765.774,0.0736366,0.0687485,0.0697291,0.0376022,0.105077,0.00221285,10,0.790502,True,0.790502,within normal range · dans la plage normale
96644757B21316479060137,Rhamna Province,1552.29,319534,5473.05,Marrakech-Safi,754.146,0.0873382,798.145,0.0835159,0.0873382,0.0833448,0.0690859,0.0962931,5.51146e-06,10,1.55675,True,1.55675,within normal range · dans la plage normale
96644757B64432809888793,Province de Sidi Slimane إقليم سيدي سليمان,602.467,327462,1488.48,Rabat-Salé-Kenitra,504.44,0.00982807,98.0277,0.0199277,0.00982807,0.00108244,-0.0306269,0.0229402,1,10,-1.63814,True,-1.63814,within normal range · dans la plage normale
96644757B12662883146655,Province de Kenitra إقليم القنيطرة,3312.68,1.1837e+06,3354.32,Rabat-Salé-Kenitra,2317.17,0.0513466,995.512,0.0405115,0.0513466,0.0405115,0.0305691,0.052145,0.000357694,10,0.0732123,True,0.0732123,within normal range · dans la plage normale
96644757B53703826618026,Taroudant Province,1460.66,866352,15780.3,Souss-Massa,914.972,0.0533404,545.692,0.0533468,0.0533404,0.0595062,0.0442319,0.0681901,2.97619e-05,10,0.155393,True,0.155393,within normal range · dans la plage normale
96644757B51161748863193,Sidi Ifni Province,199.29,99804.9,3061.39,Guelmim-Oued Noun,126.135,0.059351,73.1553,0.0521371,0.059351,0.059871,0.0378719,0.0765315,0.000357694,10,0.403144,False,,low initial base · base initiale trop faible
96644757B26550498921337,Tata Province,249.723,108557,26447.7,Souss-Massa,173.989,0.0514407,75.7342,0.0409682,0.0514407,0.0413494,0.0204262,0.0692192,0.00468695,10,0.0770923,False,,low initial base · base initiale trop faible
96644757B35891480133263,Province d'Errachidia إقليم الرشيدية,1376.74,428599,26847.2,Drâa-Tafilalet,885.104,0.0494758,491.641,0.0503105,0.0494758,0.0439858,0.0336688,0.052619,5.51146e-06,10,-0.00389885,True,-0.00389885,within normal range · dans la plage normale
96644757B48127384361052,Boujdour Province,351.762,0,55977.9,Laâyoune-Sakia El Hamra,240.958,0.053497,110.803,0.0429327,0.053497,0.0574901,0.0420034,0.0724094,2.97619e-05,10,0.161851,False,,low initial base · base initiale trop faible
96644757B23117375948520,Province de Safi إقليم أسفي,1701.61,699146,4078.9,Marrakech-Safi,1168.54,0.0446141,533.064,0.0426413,0.0446141,0.0298838,0.0204448,0.0585909,2.97619e-05,10,-0.204294,True,-0.204294,within normal range · dans la plage normale
96644757B54259280648674,Province de Youssoufia إقليم اليوسفية,782.847,261701,2945.47,Marrakech-Safi,553.393,0.0481257,229.454,0.0392934,0.0481257,0.0405571,0.034177,0.0435816,2.97619e-05,10,-0.0595488,True,-0.0595488,within normal range · dans la plage normale
96644757B42104761334354,Province de Moulay Yacoub إقليم مولاي يعقوب,998.887,252112,1472.43,Fez-Meknes,572.92,0.0483212,425.967,0.0637135,0.0483212,0.039153,0.0230206,0.0726122,0.000357694,10,-0.0514927,True,-0.0514927,within normal range · dans la plage normale
96644757B25654465299878,Province de Nador إقليم الناظور,3418.14,566158,3123.68,Oriental,2569.82,0.0405409,848.314,0.0322031,0.0405409,0.0292709,0.0157065,0.0456554,0.00468695,10,-0.372187,True,-0.372187,within normal range · dans la plage normale
96644757B54306876372793,Chefchaouen Province,868.202,465992,3866.22,Tangier-Tetouan-Al Hoceima,441.024,0.0863695,427.178,0.0781628,0.0863695,0.0837991,0.0448282,0.12133,0.00221285,10,1.51682,True,1.51682,within normal range · dans la plage normale
96644757B91342156363380,Préfecture de Skhirate-Témara عمالة الصخيرات-تمارة,3303.38,726669,1088.87,Rabat-Salé-Kenitra,1918.42,0.0636095,1384.96,0.0622431,0.0636095,0.0584083,0.0429876,0.0713914,2.97619e-05,10,0.578676,True,0.578676,within normal range · dans la plage normale
96644757B9799798831472,Settat Province,2479.09,659215,6844.42,Casablanca-Settat,1382.18,0.0784922,1096.91,0.0670674,0.0784922,0.0625309,0.0307233,0.0808154,2.97619e-05,10,1.19213,True,1.19213,within normal range · dans la plage normale
96644757B99021473747258,Chtouka-Ait Baha Province,1060.98,416039,3488.55,Souss-Massa,692.33,0.0478619,368.649,0.0485745,0.0478619,0.040158,0.0294196,0.0560587,2.97619e-05,10,-0.0704227,True,-0.0704227,within normal range · dans la plage normale
96644757B89687162507810,Préfecture de M'diq-Fnideq عمالة المضيق الفنيدق,1326.24,241615,230.389,Tangier-Tetouan-Al Hoceima,1563.1,-0.026976,-236.862,-0.0180926,-0.026976,-0.026976,-0.0553355,-0.0106298,0.0166661,10,-3.15516,True,-3.15516,significant loss · baisse significative
96644757B85287588144355,Province de Taza اقليم تازة,1404.19,512804,6070.28,Fez-Meknes,1008.75,0.0378489,395.44,0.0374335,0.0378489,0.0429009,0.0164732,0.0488581,0.00011519,10,-0.483149,True,-0.483149,within normal range · dans la plage normale
96644757B93440982531475,Province d'Ouezzane إقليم وزان,499.783,292758,2123.43,Tangier-Tetouan-Al Hoceima,244.75,0.0859257,255.033,0.0825577,0.0859257,0.0768587,0.0597735,0.0905337,2.97619e-05,10,1.49853,False,,low initial base · base initiale trop faible
96644757B56432502406176,Fahs-Anjra Province,1202.09,88793,703.755,Tangier-Tetouan-Al Hoceima,412.027,0.128719,790.061,0.126336,0.128719,0.114803,0.068394,0.147966,5.51146e-06,10,3.26241,True,3.26241,significant gain · hausse significative
96644757B99920267922653,Al Hoceima Province,1864.67,394525,3517,Tangier-Tetouan-Al Hoceima,1028.75,0.0740939,835.918,0.0683143,0.0740939,0.0604787,0.0230383,0.102448,0.00011519,10,1.01083,True,1.01083,within normal range · dans la plage normale
96644757B34372354169334,Province de Benslimane إقليم بن سليمان,1701.52,241288,2484.86,Casablanca-Settat,856.391,0.0921211,845.126,0.0792681,0.0921211,0.0809636,0.0633331,0.0963499,5.51146e-06,10,1.75389,True,1.75389,within normal range · dans la plage normale
96644757B75888110493475,Tarfaya Province,99.1502,13072.6,12212.1,Laâyoune-Sakia El Hamra,61.619,0.0703141,37.5312,0.0542733,0.0703141,0.0643534,0.039154,0.0912345,0.00221285,10,0.855033,False,,low initial base · base initiale trop faible
96644757B25874170222857,Province de Figuig إقليم الناظور,736.426,138846,34564.9,Oriental,571.361,0.0290517,165.065,0.0286,0.0290517,0.03315,0.0194542,0.0488432,0.00011519,10,-0.845762,True,-0.845762,within normal range · dans la plage normale
96644757B9718685225615,Province de Sidi Kacem إقليم سيدي قاسم,1182.02,535579,3121.17,Rabat-Salé-Kenitra,805.436,0.0422037,376.58,0.0435428,0.0422037,0.0300297,0.0100551,0.057296,0.00914848,10,-0.303649,True,-0.303649,within normal range · dans la plage normale
96644757B92138134403299,Médiouna Province,1370.45,524500,221.792,Casablanca-Settat,770.42,0.0673637,600.03,0.0660875,0.0673637,0.0710933,0.0586902,0.0907615,2.97619e-05,10,0.733419,True,0.733419,within normal range · dans la plage normale
96644757B53695376753874,Préfecture d'Oujda-Angad عمالة وجدة - أنجاد,2997.23,598457,1834.37,Oriental,2695.55,2.33928e-05,301.678,0.011857,2.33928e-05,0.00354715,-0.0118258,0.0143805,0.72749,10,-2.04228,True,-2.04228,within normal range · dans la plage normale
96644757B15248572972708,Province de Khouribga إقليم خريبكة,2590.96,564307,4403.54,Béni Mellal-Khénifra,1797.39,0.0370189,793.573,0.0414695,0.0370189,0.0370189,0.023475,0.0465965,2.97619e-05,10,-0.51736,True,-0.51736,within normal range · dans la plage normale
96644757B8060198419886,Province de Tan-Tan إقليم طانطان,276.222,96157.4,9485.21,Guelmim-Oued Noun,270.22,0.0220971,6.00255,0.00244414,0.0220971,0.00771307,-0.0227991,0.0417344,0.38072,10,-1.13242,True,-1.13242,within normal range · dans la plage normale
96644757B52167870329218,Tiznit Province,587.776,201583,5066.66,Souss-Massa,389.283,0.0507113,198.493,0.0468464,0.0507113,0.0468464,0.0354482,0.058019,2.97619e-05,10,0.0470272,True,0.0470272,within normal range · dans la plage normale
96644757B46616002618727,Chichaoua Province,952.027,394126,7078.41,Marrakech-Safi,559.07,0.0613228,392.958,0.0609308,0.0613228,0.0566397,0.0357438,0.06544,2.97619e-05,10,0.484421,True,0.484421,within normal range · dans la plage normale
96644757B30309850889145,Province de Sidi Bennour إقليم سيدي بنور,783.022,460037,3249.17,Casablanca-Settat,420.707,0.0874983,362.316,0.071463,0.0874983,0.071463,0.0534818,0.0888031,2.97619e-05,10,1.56335,True,1.56335,within normal range · dans la plage normale
96644757B36466177595872,Guelmim Province,757.605,199685,10838.3,Guelmim-Oued Noun,543.48,0.0430636,214.125,0.0375972,0.0430636,0.0402761,0.0252135,0.0517691,5.51146e-06,10,-0.268205,True,-0.268205,within normal range · dans la plage normale
96644757B63187791317705,Agadir Ida-Outanane Prefecture,3016.07,722449,2403.52,Souss-Massa,1990.01,0.0403201,1026.06,0.0472857,0.0403201,0.0403732,0.035857,0.047536,5.51146e-06,10,-0.38129,True,-0.38129,within normal range · dans la plage normale
96644757B698999344864,Al Haouz Province,871.482,620093,6076.73,Marrakech-Safi,586.243,0.0336629,285.239,0.0450359,0.0336629,0.0336629,0.00297553,0.0532194,0.0466226,10,-0.65569,True,-0.65569,within normal range · dans la plage normale
96644757B99662254658575,Inezgane-Ait Melloul Prefecture,1356.21,556208,270.049,Souss-Massa,1102.9,0.0241676,253.314,0.0232387,0.0241676,0.0195179,0.000903915,0.0405426,0.0466226,10,-1.04708,True,-1.04708,within normal range · dans la plage normale
96644757B18768670389586,Larache Province,1178.03,499778,2705.62,Tangier-Tetouan-Al Hoceima,959.651,0.0232874,218.383,0.0230429,0.0232874,0.0199915,0.00364669,0.0325372,0.0466226,10,-1.08336,True,-1.08336,within normal range · dans la plage normale
96644757B89345886069248,Nouaceur Province,3099.17,450509,512.975,Casablanca-Settat,1797.43,0.0643925,1301.74,0.0624004,0.0643925,0.0546295,0.0365146,0.0835738,2.97619e-05,10,0.610952,True,0.610952,within normal range · dans la plage normale
96644757B41522516415054,Ouarzazate Province,582.711,310353,11974.4,Drâa-Tafilalet,364.338,0.0414374,218.374,0.0535642,0.0414374,0.0414374,0.0206306,0.0535642,5.51146e-07,10,-0.335235,True,-0.335235,within normal range · dans la plage normale
96644757B2759448404756,Préfecture de Fès عمالة فاس,3129.02,1.20376e+06,305.753,Fez-Meknes,2267.46,0.0300517,861.559,0.0364323,0.0300517,0.0300517,0.0183948,0.0434923,2.97619e-05,10,-0.804541,True,-0.804541,within normal range · dans la plage normale
96644757B80339347175881,Préfecture de Marrakech عمالة مراكش,4531.15,1.51182e+06,2613.77,Marrakech-Safi,4145.98,-0.000379926,385.163,0.00991941,-0.000379926,-0.000855456,-0.0215281,0.0251339,0.861801,10,-2.0589,True,-2.0589,within normal range · dans la plage normale
96644757B27397508075839,Prefecture of Mohammédia,1976.69,744821,281.024,Casablanca-Settat,1444.38,0.0423479,532.308,0.0354751,0.0423479,0.0394747,0.0256252,0.0504369,0.00221285,10,-0.297706,True,-0.297706,within normal range · dans la plage normale
96644757B53936679900609,Essaouira Province,739.129,442221,6509.14,Marrakech-Safi,580.403,0.0211737,158.726,0.0272251,0.0211737,0.0265335,-0.00417205,0.0494518,0.108313,10,-1.17048,True,-1.17048,within normal range · dans la plage normale
96644757B91545835536411,Prefecture of Rabat,3356.27,540452,113.067,Rabat-Salé-Kenitra,2238.66,0.0389323,1117.6,0.0460221,0.0389323,0.0358709,0.0147245,0.0564946,0.00221285,10,-0.438493,True,-0.438493,within normal range · dans la plage normale
96644757B10773066300421,Province d'Azilal إقليم أزيلال,914.361,591902,9543.21,Béni Mellal-Khénifra,537.801,0.0529482,376.56,0.0607442,0.0529482,0.0506995,0.0338041,0.068849,0.00011519,10,0.139229,True,0.139229,within normal range · dans la plage normale
96644757B40957387644980,Province de Beni Mellal إقليم بني ملال,2283.02,596431,4444.59,Béni Mellal-Khénifra,1445.89,0.0504206,837.127,0.0520624,0.0504206,0.0504206,0.0425804,0.0546018,5.51146e-06,10,0.0350451,True,0.0350451,within normal range · dans la plage normale
96644757B62254917052717,Assa-Zag Province,199.234,18944.7,21205.2,Guelmim-Oued Noun,87.6448,0.101719,111.589,0.0955352,0.101719,0.0864491,0.0508446,0.125535,2.97619e-05,10,2.14951,False,,low initial base · base initiale trop faible
96644757B81090244987905,Province de Boulemane إقليم بولمان,721.777,203539,14164.6,Fez-Meknes,395.828,0.0753834,325.949,0.0690265,0.0753834,0.0572643,0.0364507,0.0963594,0.00011519,10,1.06399,True,1.06399,within normal range · dans la plage normale
96644757B50122508033550,Province de Fquih Ben Saleh إقليم الفقيه بن صالح,1856.19,521522,2456.46,Béni Mellal-Khénifra,1247.73,0.0358745,608.458,0.0451215,0.0358745,0.0357515,0.0172793,0.0486192,0.000946318,10,-0.564531,True,-0.564531,within normal range · dans la plage normale
96644757B63064605054668,Province de Guercif إقليم جرسيف,599.899,238279,7144.59,Oriental,424.864,0.0401425,175.035,0.0390767,0.0401425,0.0396462,-0.00146323,0.0808391,0.0725502,10,-0.38861,True,-0.38861,within normal range · dans la plage normale
96644757B21390270390615,Province de Jerada إقليم جرادة,596.948,109332,6916.88,Oriental,345.953,0.0670239,250.995,0.0624889,0.0670239,0.0432112,0.0342124,0.0681211,2.97619e-05,10,0.719414,True,0.719414,within normal range · dans la plage normale
96644757B52871738396395,Province de Khénifra إقليم خنيفرة,848.883,376497,6693.01,Béni Mellal-Khénifra,475.681,0.0591729,373.203,0.0664685,0.0591729,0.0589224,0.0496033,0.0668968,5.51146e-06,10,0.395804,True,0.395804,within normal range · dans la plage normale
96644757B90056368806308,Province d'El Hajeb إقليم الحاجب,939.441,281512,2119.82,Fez-Meknes,545.876,0.0601397,393.565,0.062178,0.0601397,0.0591517,0.0482889,0.06829,5.51146e-06,10,0.435655,True,0.435655,within normal range · dans la plage normale
96644757B21870556317795,Province d'El Kelâat Es-Sraghna إقليم قلعة السراغنة,1372.32,583427,4094.85,Marrakech-Safi,972.846,0.0495704,399.471,0.0389656,0.0495704,0.0331144,0.0105518,0.0504914,0.00468695,10,0,True,0,within normal range · dans la plage normale
96644757B71822601453569,Province de Midelt إقليم ميدلت,850.439,313376,12690,Drâa-Tafilalet,659.316,0.0105897,191.123,0.028687,0.0105897,0.0105897,-0.0114541,0.0310628,0.72749,10,-1.60675,True,-1.60675,within normal range · dans la plage normale
96644757B1478822582790,Province de Sefrou إقليم صفرو,1022.95,306070,3446.39,Fez-Meknes,689.777,0.0500756,333.168,0.0447586,0.0500756,0.0447586,0.0218839,0.0579867,0.000357694,10,0.0208209,True,0.0208209,within normal range · dans la plage normale
96644757B70524131405695,Province d'Es-Semara إقليم السمارة,49.2675,167.902,64909,Laâyoune-Sakia El Hamra,29.8206,0.0743582,19.4469,0.0573702,0.0743582,0.010185,-0.0385154,0.0871207,0.861801,10,1.02173,False,,low initial base · base initiale trop faible
96644757B4563753155162,Province de Taourirt إقليم تاوريرت,1151.9,249977,7501.47,Oriental,650.684,0.0543704,501.221,0.0655179,0.0543704,0.0590036,0.0426142,0.0667944,2.97619e-05,10,0.197849,True,0.197849,within normal range · dans la plage normale
96644757B39685617616684,Province de Tinghir إقليم تنغير,756.454,346551,13385,Drâa-Tafilalet,403.732,0.0672512,352.722,0.0722567,0.0672512,0.0700482,0.055109,0.0959074,0.000357694,10,0.728784,True,0.728784,within normal range · dans la plage normale
96644757B64717664824106,Province d'Ifrane ⵜⴰⵙⴳⴰ ⵏ ⵉⴼⵔⴰⵏ إقليم إفران,716.051,165670,3756.7,Fez-Meknes,431.93,0.0643144,284.121,0.0577725,0.0643144,0.0566498,0.0457433,0.0690029,0.000357694,10,0.607732,True,0.607732,within normal range · dans la plage normale
96644757B84561517472973,Tetouan Province,1557.75,593391,1902.41,Tangier-Tetouan-Al Hoceima,1826.51,-0.0293803,-268.759,-0.0175295,-0.0293803,-0.0316225,-0.0539694,-0.00640114,0.0286095,10,-3.25427,True,-3.25427,significant loss · baisse significative
96644757B83322507681707,Zagora Province,363.294,317906,20955,Drâa-Tafilalet,292.101,0.0215828,71.1933,0.0245309,0.0215828,0.0214753,0.00785852,0.0355718,0.0286095,10,-1.15362,True,-1.15362,within normal range · dans la plage normale
96644757B90795389022281,Laayoune Province,651.243,0,10726.8,Laâyoune-Sakia El Hamra,371.328,0.0608616,279.915,0.0644112,0.0608616,0.0644112,0.0434443,0.0776808,2.97619e-05,10,0.465411,True,0.465411,within normal range · dans la plage normale
96644757B60043813814440,Prefecture de Meknès عمالة مكناس,2296.88,891416,1780.54,Fez-Meknes,1985.94,0.0134629,310.933,0.0162931,0.0134629,0.0141762,0.00542496,0.0213799,0.0166661,10,-1.48831,True,-1.48831,within normal range · dans la plage normale
96644757B99361415702964,Prefecture of Tangier - Assilah,5363.91,1.23163e+06,1032.62,Tangier-Tetouan-Al Hoceima,3878.22,0.0404821,1485.69,0.0366924,0.0404821,0.0353335,0.0234425,0.0425488,2.97619e-05,10,-0.374611,True,-0.374611,within normal range · dans la plage normale
96644757B69343874835814,Province de Berkane إقليم بركان,2010.32,296388,1788.14,Oriental,1543.28,0.0287383,467.039,0.0298117,0.0287383,0.0245833,0.00999344,0.0347826,0.00914848,10,-0.85868,True,-0.85868,within normal range · dans la plage normale
96644757B88930410593624,Province de Driouch إقليم الدريوش,1719.96,199946,2998.39,Oriental,1209.25,0.0332068,510.714,0.0399211,0.0332068,0.0296347,0.0144775,0.0487873,0.00221285,10,-0.674491,True,-0.674491,within normal range · dans la plage normale
96644757B36967765471663,Province de Taounate إقليم تاونات,1379.7,661383,5582.73,Fez-Meknes,888.98,0.0479551,490.721,0.0500509,0.0479551,0.0440371,0.0209189,0.0630372,0.00011519,10,-0.0665826,True,-0.0665826,within normal range · dans la plage normale
96644757B6720908192283,Prefecture of Salé,2475.84,1.01715e+06,713.507,Rabat-Salé-Kenitra,1474.35,0.0676543,1001.49,0.0592869,0.0676543,0.0592869,0.0462621,0.0801228,2.97619e-05,10,0.745399,True,0.745399,within normal range · dans la plage normale
96644757B25593504689486,Province d'Aousserd إقليم أوسرد,50.8747,0,60465.3,Dakhla-Oued Ed-Dahab,13.171,0.123728,37.7036,0.162008,0.123728,0.0770729,0.00286595,0.177795,0.00914848,10,3.05669,False,,low initial base · base initiale trop faible
96644757B69656421663665,Prefecture of Casablanca,6572.04,2.88847e+06,210.432,Casablanca-Settat,6024.04,0.0170161,548.002,0.009721,0.0170161,0.009721,-0.0032949,0.0224183,0.38072,10,-1.34185,True,-1.34185,within normal range · dans la plage normale
96644757B26045285741175,Berrechid Province,2952.91,588641,2527.07,Casablanca-Settat,1694.55,0.0764376,1258.36,0.0636521,0.0764376,0.0674763,0.0523498,0.0797202,5.51146e-06,10,1.10744,True,1.10744,within normal range · dans la plage normale
96644757B5863178934624,El Jadida Province,3297.56,841504,3861.28,Casablanca-Settat,1827.14,0.085701,1470.42,0.0678029,0.085701,0.0712542,0.053216,0.0916461,0.00011519,10,1.48927,True,1.48927,within normal range · dans la plage normale
96644757B78111329468616,Oued Ed-Dahab Province,459.208,5.17375,67587.6,Dakhla-Oued Ed-Dahab,354.194,0.0307739,105.014,0.0292711,0.0307739,0.0070668,0.00037553,0.0405562,0.0286095,10,-0.774771,True,-0.774771,within normal range · dans la plage normale
