coverage,date,name,sol,month,year,expected,resid,z
1,2021-01-01,Béni Mellal-Khénifra,105756,1,2021,118729,-0.109263,-0.92628
1,2021-02-01,Béni Mellal-Khénifra,104232,2,2021,113204,-0.0792558,-0.626039
1,2021-03-01,Béni Mellal-Khénifra,107781,3,2021,111574,-0.034001,-0.17323
1,2021-04-01,Béni Mellal-Khénifra,103038,4,2021,117696,-0.124546,-1.0792
1,2021-05-01,Béni Mellal-Khénifra,107058,5,2021,126629,-0.154554,-1.37946
1,2021-06-01,Béni Mellal-Khénifra,124374,6,2021,132173,-0.0590096,-0.423461
1,2021-07-01,Béni Mellal-Khénifra,105831,7,2021,112799,-0.0617806,-0.451186
1,2021-08-01,Béni Mellal-Khénifra,109792,8,2021,107481,0.0215034,0.382133
1,2021-09-01,Béni Mellal-Khénifra,101367,9,2021,116154,-0.127304,-1.1068
1,2021-10-01,Béni Mellal-Khénifra,110577,10,2021,123685,-0.105978,-0.893412
1,2021-11-01,Béni Mellal-Khénifra,116269,11,2021,126677,-0.082161,-0.655109
1,2021-12-01,Béni Mellal-Khénifra,120371,12,2021,121617,-0.0102464,0.0644526
1,2022-01-01,Béni Mellal-Khénifra,107870,1,2022,118024,-0.0860352,-0.693873
1,2022-02-01,Béni Mellal-Khénifra,105339,2,2022,112835,-0.0664325,-0.497732
1,2022-03-01,Béni Mellal-Khénifra,102219,3,2022,113429,-0.0988275,-0.821869
1,2022-04-01,Béni Mellal-Khénifra,112230,4,2022,114632,-0.0209538,-0.0426833
1,2022-05-01,Béni Mellal-Khénifra,128992,5,2022,119318,0.081076,0.978203
1,2022-06-01,Béni Mellal-Khénifra,127970,6,2022,130974,-0.0229386,-0.0625425
1,2022-07-01,Béni Mellal-Khénifra,104498,7,2022,113244,-0.0772313,-0.605783
1,2022-08-01,Béni Mellal-Khénifra,96532.1,8,2022,111901,-0.137345,-1.20727
1,2022-09-01,Béni Mellal-Khénifra,114253,9,2022,111858,0.0214117,0.381217
1,2022-10-01,Béni Mellal-Khénifra,111319,10,2022,123438,-0.0981789,-0.81538
1,2022-11-01,Béni Mellal-Khénifra,116807,11,2022,126497,-0.0766073,-0.59954
1,2022-12-01,Béni Mellal-Khénifra,104065,12,2022,127053,-0.180936,-1.64343
1,2023-01-01,Béni Mellal-Khénifra,115918,1,2023,115342,0.00500188,0.217023
1,2023-02-01,Béni Mellal-Khénifra,109924,2,2023,111307,-0.0124221,0.0426833
0.999817,2023-03-01,Béni Mellal-Khénifra,110527,3,2023,110659,-0.00119187,0.15505
0.999998,2023-04-01,Béni Mellal-Khénifra,116777,4,2023,113116,0.0323668,0.49083
1,2023-05-01,Béni Mellal-Khénifra,132120,5,2023,118275,0.117051,1.33816
1,2023-06-01,Béni Mellal-Khénifra,136726,6,2023,128056,0.0677038,0.844404
1,2023-07-01,Béni Mellal-Khénifra,108006,7,2023,112074,-0.0362982,-0.196216
1,2023-08-01,Béni Mellal-Khénifra,105068,8,2023,109056,-0.0365728,-0.198963
1,2023-09-01,Béni Mellal-Khénifra,115083,9,2023,111582,0.0313746,0.480903
1,2023-10-01,Béni Mellal-Khénifra,128171,10,2023,117820,0.0878571,1.04605
1,2023-11-01,Béni Mellal-Khénifra,126656,11,2023,123214,0.02793,0.446436
1,2023-12-01,Béni Mellal-Khénifra,118359,12,2023,122288,-0.0321254,-0.154463
1,2024-01-01,Béni Mellal-Khénifra,132398,1,2024,109848,0.205283,2.22099
1,2024-02-01,Béni Mellal-Khénifra,124349,2,2024,106498,0.167614,1.84408
0.999947,2024-03-01,Béni Mellal-Khénifra,121978,3,2024,106842,0.141661,1.5844
1,2024-04-01,Béni Mellal-Khénifra,124081,4,2024,110682,0.121062,1.37829
1,2024-05-01,Béni Mellal-Khénifra,118776,5,2024,122723,-0.0321618,-0.154828
1,2024-06-04,Béni Mellal-Khénifra,131824,6,2024,129690,0.0164546,0.331616
1,2024-07-01,Béni Mellal-Khénifra,125894,7,2024,106112,0.186435,2.0324
1,2024-08-01,Béni Mellal-Khénifra,120844,8,2024,103797,0.164227,1.8102
1,2024-09-01,Béni Mellal-Khénifra,119125,9,2024,110234,0.0806548,0.973989
1,2024-10-01,Béni Mellal-Khénifra,131565,10,2024,116689,0.12748,1.44251
0.999985,2024-11-01,Béni Mellal-Khénifra,136567,11,2024,119910,0.138913,1.55691
1,2024-12-01,Béni Mellal-Khénifra,142428,12,2024,114265,0.246472,2.63312
1,2021-01-01,Casablanca-Settat,205984,1,2021,233247,-0.116883,-0.939534
1,2021-02-01,Casablanca-Settat,211105,2,2021,230234,-0.0830844,-0.653475
1,2021-03-01,Casablanca-Settat,221447,3,2021,242552,-0.0870116,-0.686714
1,2021-04-01,Casablanca-Settat,223101,4,2021,259075,-0.138853,-1.12548
1,2021-05-01,Casablanca-Settat,209780,5,2021,263801,-0.204779,-1.68346
1,2021-06-01,Casablanca-Settat,213315,6,2021,258658,-0.175302,-1.43397
1,2021-07-01,Casablanca-Settat,205602,7,2021,231439,-0.111637,-0.895139
1,2021-08-01,Casablanca-Settat,203867,8,2021,207149,-0.0158456,-0.0843859
1,2021-09-01,Casablanca-Settat,213304,9,2021,234973,-0.092216,-0.730763
1,2021-10-01,Casablanca-Settat,220060,10,2021,244162,-0.0987114,-0.785737
1,2021-11-01,Casablanca-Settat,227803,11,2021,255629,-0.108853,-0.871571
1,2021-12-01,Casablanca-Settat,242818,12,2021,259198,-0.063196,-0.485146
1,2022-01-01,Casablanca-Settat,219937,1,2022,228596,-0.0378771,-0.270854
1,2022-02-01,Casablanca-Settat,216956,2,2022,228284,-0.0496238,-0.370274
1,2022-03-01,Casablanca-Settat,223257,3,2022,241949,-0.0772568,-0.604152
1,2022-04-01,Casablanca-Settat,241381,4,2022,252981,-0.0458558,-0.338383
1,2022-05-01,Casablanca-Settat,253323,5,2022,249286,0.0161941,0.186789
1,2022-06-01,Casablanca-Settat,258247,6,2022,243681,0.0597732,0.55563
1,2022-07-01,Casablanca-Settat,223772,7,2022,225383,-0.00714684,-0.010762
1,2022-08-01,Casablanca-Settat,161570,8,2022,221249,-0.269737,-2.23325
1,2022-09-01,Casablanca-Settat,228762,9,2022,229820,-0.00460374,0.010762
1,2022-10-01,Casablanca-Settat,240968,10,2022,237192,0.015919,0.184461
1,2022-11-01,Casablanca-Settat,252517,11,2022,247391,0.0207238,0.225127
1,2022-12-01,Casablanca-Settat,227204,12,2022,264402,-0.140688,-1.14101
1,2023-01-01,Casablanca-Settat,232671,1,2023,224352,0.0370812,0.363571
1,2023-02-01,Casablanca-Settat,219764,2,2023,227348,-0.0333556,-0.232585
1,2023-03-01,Casablanca-Settat,248878,3,2023,233409,0.0662766,0.610672
1,2023-04-01,Casablanca-Settat,260979,4,2023,246449,0.0589595,0.548742
1,2023-05-01,Casablanca-Settat,271990,5,2023,243064,0.119003,1.05694
1,2023-06-01,Casablanca-Settat,275450,6,2023,237946,0.157615,1.38374
1,2023-07-01,Casablanca-Settat,236975,7,2023,220982,0.0723727,0.662268
1,2023-08-01,Casablanca-Settat,236827,8,2023,196163,0.207296,1.80422
1,2023-09-01,Casablanca-Settat,250808,9,2023,222471,0.127373,1.12777
1,2023-10-01,Casablanca-Settat,259705,10,2023,230947,0.124524,1.10366
1,2023-11-01,Casablanca-Settat,239970,11,2023,251573,-0.0461229,-0.340644
1,2023-12-01,Casablanca-Settat,261267,12,2023,253048,0.0324802,0.32463
1,2024-01-01,Casablanca-Settat,247133,1,2024,219531,0.125731,1.11388
1,2024-02-01,Casablanca-Settat,253982,2,2024,215942,0.176161,1.5407
1,2024-03-01,Casablanca-Settat,255522,3,2024,231194,0.105226,0.940325
1,2024-04-01,Casablanca-Settat,274864,4,2024,241820,0.136644,1.20624
1,2024-05-01,Casablanca-Settat,266089,5,2024,245031,0.0859416,0.777111
1,2024-06-04,Casablanca-Settat,242278,6,2024,249004,-0.0270131,-0.178905
1,2024-07-01,Casablanca-Settat,233571,7,2024,222116,0.0515721,0.486218
1,2024-08-01,Casablanca-Settat,223052,8,2024,200754,0.111069,0.989783
1,2024-09-01,Casablanca-Settat,225348,9,2024,230958,-0.0242924,-0.155877
1,2024-10-01,Casablanca-Settat,231812,10,2024,240245,-0.0351008,-0.247356
1,2024-11-01,Casablanca-Settat,274399,11,2024,240097,0.142869,1.25893
1,2024-12-01,Casablanca-Settat,289122,12,2024,243763,0.18608,1.62465
1,2021-01-01,Dakhla-Oued Ed-Dahab,124358,1,2021,150227,-0.172198,-0.961977
1,2021-02-01,Dakhla-Oued Ed-Dahab,114997,2,2021,176406,-0.348112,-1.73059
1,2021-03-01,Dakhla-Oued Ed-Dahab,187234,3,2021,206090,-0.0914937,-0.609357
1,2021-04-01,Dakhla-Oued Ed-Dahab,203142,4,2021,230084,-0.117093,-0.721209
1,2021-05-01,Dakhla-Oued Ed-Dahab,193652,5,2021,226721,-0.145857,-0.846887
1,2021-06-01,Dakhla-Oued Ed-Dahab,188133,6,2021,228653,-0.177211,-0.98388
1,2021-07-01,Dakhla-Oued Ed-Dahab,186057,7,2021,168483,0.104307,0.246151
1,2021-08-01,Dakhla-Oued Ed-Dahab,224872,8,2021,197725,0.137293,0.390277
1,2021-09-01,Dakhla-Oued Ed-Dahab,179192,9,2021,219421,-0.183344,-1.01068
1,2021-10-01,Dakhla-Oued Ed-Dahab,188209,10,2021,246050,-0.235078,-1.23672
1,2021-11-01,Dakhla-Oued Ed-Dahab,201095,11,2021,240477,-0.163767,-0.925139
1,2021-12-01,Dakhla-Oued Ed-Dahab,181244,12,2021,190427,-0.0482232,-0.420296
1,2022-01-01,Dakhla-Oued Ed-Dahab,106704,1,2022,156112,-0.316488,-1.59242
1,2022-02-01,Dakhla-Oued Ed-Dahab,155209,2,2022,163002,-0.0478097,-0.418489
1,2022-03-01,Dakhla-Oued Ed-Dahab,196429,3,2022,203025,-0.0324915,-0.35156
1,2022-04-01,Dakhla-Oued Ed-Dahab,219278,4,2022,224705,-0.0241486,-0.315107
1,2022-05-01,Dakhla-Oued Ed-Dahab,245049,5,2022,209588,0.169191,0.529649
1,2022-06-01,Dakhla-Oued Ed-Dahab,203111,6,2022,223660,-0.0918775,-0.611034
1,2022-07-01,Dakhla-Oued Ed-Dahab,101814,7,2022,196564,-0.482033,-2.31573
1,2022-08-01,Dakhla-Oued Ed-Dahab,179076,8,2022,212990,-0.159229,-0.905313
1,2022-09-01,Dakhla-Oued Ed-Dahab,216844,9,2022,206870,0.048211,0.0010522
1,2022-10-01,Dakhla-Oued Ed-Dahab,200190,10,2022,242056,-0.172961,-0.965311
1,2022-11-01,Dakhla-Oued Ed-Dahab,206078,11,2022,238816,-0.137082,-0.808546
1,2022-12-01,Dakhla-Oued Ed-Dahab,154865,12,2022,199220,-0.222643,-1.18239
1,2023-01-01,Dakhla-Oued Ed-Dahab,176997,1,2023,132681,0.333999,1.24974
1,2023-02-01,Dakhla-Oued Ed-Dahab,192383,2,2023,150611,0.277345,1.0022
1,2023-03-01,Dakhla-Oued Ed-Dahab,185475,3,2023,206676,-0.102581,-0.657801
1,2023-04-01,Dakhla-Oued Ed-Dahab,238527,4,2023,218289,0.0927119,0.195489
1,2023-05-01,Dakhla-Oued Ed-Dahab,248024,5,2023,208597,0.189014,0.616262
1,2023-06-01,Dakhla-Oued Ed-Dahab,245728,6,2023,209454,0.173181,0.54708
1,2023-07-01,Dakhla-Oued Ed-Dahab,190623,7,2023,166961,0.14172,0.409619
1,2023-08-01,Dakhla-Oued Ed-Dahab,182717,8,2023,211777,-0.137217,-0.809136
1,2023-09-01,Dakhla-Oued Ed-Dahab,216770,9,2023,206895,0.0477294,-0.0010522
1,2023-10-01,Dakhla-Oued Ed-Dahab,284774,10,2023,213861,0.331585,1.23919
1,2023-11-01,Dakhla-Oued Ed-Dahab,266631,11,2023,218632,0.219544,0.749653
1,2023-12-01,Dakhla-Oued Ed-Dahab,215795,12,2023,178911,0.206161,0.69118
1,2024-01-01,Dakhla-Oued Ed-Dahab,166981,1,2024,136020,0.227622,0.784949
1,2024-02-01,Dakhla-Oued Ed-Dahab,181627,2,2024,154196,0.177896,0.567682
1,2024-03-01,Dakhla-Oued Ed-Dahab,236366,3,2024,189713,0.245918,0.864888
1,2024-04-01,Dakhla-Oued Ed-Dahab,232445,4,2024,220316,0.0550555,0.0309578
1,2024-05-01,Dakhla-Oued Ed-Dahab,187089,5,2024,228908,-0.182691,-1.00782
1,2024-06-04,Dakhla-Oued Ed-Dahab,237120,6,2024,212324,0.116782,0.300659
1,2024-07-01,Dakhla-Oued Ed-Dahab,213013,7,2024,159498,0.335519,1.25638
1,2024-08-01,Dakhla-Oued Ed-Dahab,231382,8,2024,195555,0.183209,0.590897
1,2024-09-01,Dakhla-Oued Ed-Dahab,224650,9,2024,204269,0.0997763,0.226356
1,2024-10-01,Dakhla-Oued Ed-Dahab,253185,10,2024,224391,0.128321,0.351074
1,2024-11-01,Dakhla-Oued Ed-Dahab,248722,11,2024,224601,0.107392,0.259631
1,2024-12-01,Dakhla-Oued Ed-Dahab,200622,12,2024,183968,0.0905251,0.185934
1,2021-01-01,Drâa-Tafilalet,152128,1,2021,186266,-0.183279,-1.05219
1,2021-02-01,Drâa-Tafilalet,152829,2,2021,171874,-0.110808,-0.671496
1,2021-03-01,Drâa-Tafilalet,160059,3,2021,171593,-0.0672188,-0.44252
1,2021-04-01,Drâa-Tafilalet,144902,4,2021,180328,-0.196451,-1.12139
1,2021-05-01,Drâa-Tafilalet,161232,5,2021,194032,-0.169041,-0.977399
1,2021-06-01,Drâa-Tafilalet,176919,6,2021,195917,-0.0969733,-0.598823
1,2021-07-01,Drâa-Tafilalet,147001,7,2021,158094,-0.0701693,-0.458019
1,2021-08-01,Drâa-Tafilalet,157680,8,2021,149634,0.0537714,0.193049
1,2021-09-01,Drâa-Tafilalet,124777,9,2021,164476,-0.241366,-1.35733
1,2021-10-01,Drâa-Tafilalet,158581,10,2021,195259,-0.187844,-1.07617
1,2021-11-01,Drâa-Tafilalet,175483,11,2021,199982,-0.122503,-0.73293
1,2021-12-01,Drâa-Tafilalet,193703,12,2021,186980,0.0359581,0.0994749
1,2022-01-01,Drâa-Tafilalet,145348,1,2022,188526,-0.229031,-1.29253
1,2022-02-01,Drâa-Tafilalet,134613,2,2022,177946,-0.24352,-1.36864
1,2022-03-01,Drâa-Tafilalet,168123,3,2022,168905,-0.00463289,-0.113752
1,2022-04-01,Drâa-Tafilalet,185310,4,2022,166858,0.110586,0.491499
1,2022-05-01,Drâa-Tafilalet,197903,5,2022,181808,0.0885272,0.375624
1,2022-06-01,Drâa-Tafilalet,181819,6,2022,194284,-0.0641573,-0.426438
1,2022-07-01,Drâa-Tafilalet,141735,7,2022,159849,-0.113324,-0.684716
1,2022-08-01,Drâa-Tafilalet,126872,8,2022,159904,-0.206572,-1.17455
1,2022-09-01,Drâa-Tafilalet,164596,9,2022,151202,0.0885822,0.375913
1,2022-10-01,Drâa-Tafilalet,160015,10,2022,194781,-0.178488,-1.02702
1,2022-11-01,Drâa-Tafilalet,178921,11,2022,198836,-0.100158,-0.61555
1,2022-12-01,Drâa-Tafilalet,156923,12,2022,199240,-0.212391,-1.20512
1,2023-01-01,Drâa-Tafilalet,189258,1,2023,173890,0.0883796,0.374848
1,2023-02-01,Drâa-Tafilalet,191997,2,2023,158818,0.208911,1.00801
0.99996,2023-03-01,Drâa-Tafilalet,154137,3,2023,173567,-0.111948,-0.677485
0.999993,2023-04-01,Drâa-Tafilalet,175175,4,2023,170237,0.029008,0.0629654
1,2023-05-01,Drâa-Tafilalet,209979,5,2023,177783,0.181096,0.861894
1,2023-06-01,Drâa-Tafilalet,212145,6,2023,184175,0.151863,0.708333
1,2023-07-01,Drâa-Tafilalet,157140,7,2023,154714,0.0156822,-0.00703587
1,2023-08-01,Drâa-Tafilalet,149288,8,2023,152432,-0.0206218,-0.197743
1,2023-09-01,Drâa-Tafilalet,161596,9,2023,152202,0.0617206,0.234807
0.999998,2023-10-01,Drâa-Tafilalet,204894,10,2023,179822,0.139429,0.643014
1,2023-11-01,Drâa-Tafilalet,203709,11,2023,190573,0.0689282,0.272669
1,2023-12-01,Drâa-Tafilalet,182174,12,2023,190823,-0.0453231,-0.3275
1,2024-01-01,Drâa-Tafilalet,224193,1,2024,162245,0.381824,1.91633
0.999998,2024-02-01,Drâa-Tafilalet,189013,2,2024,159813,0.182712,0.870382
0.999966,2024-03-01,Drâa-Tafilalet,192520,3,2024,160773,0.197467,0.947891
1,2024-04-01,Drâa-Tafilalet,180498,4,2024,168462,0.0714414,0.285871
1,2024-05-01,Drâa-Tafilalet,174213,5,2024,189705,-0.0816607,-0.518384
1,2024-06-04,Drâa-Tafilalet,193788,6,2024,190294,0.0183609,0.00703587
1,2024-07-01,Drâa-Tafilalet,175407,7,2024,148625,0.180198,0.857175
1,2024-08-01,Drâa-Tafilalet,172742,8,2024,144613,0.194512,0.932366
1,2024-09-01,Drâa-Tafilalet,167234,9,2024,150323,0.112497,0.501541
1,2024-10-01,Drâa-Tafilalet,220869,10,2024,174497,0.265748,1.30658
0.99997,2024-11-01,Drâa-Tafilalet,217315,11,2024,186038,0.168124,0.79375
0.99999,2024-12-01,Drâa-Tafilalet,221842,12,2024,177600,0.249111,1.21918
1,2021-01-01,Fez-Meknes,158109,1,2021,168905,-0.0639137,-0.706092
1,2021-02-01,Fez-Meknes,161477,2,2021,163398,-0.0117557,-0.105937
1,2021-03-01,Fez-Meknes,158720,3,2021,163414,-0.0287252,-0.301197
1,2021-04-01,Fez-Meknes,142065,4,2021,167254,-0.150603,-1.70358
1,2021-05-01,Fez-Meknes,160883,5,2021,179097,-0.101698,-1.14085
1,2021-06-01,Fez-Meknes,185364,6,2021,195395,-0.0513379,-0.561389
1,2021-07-01,Fez-Meknes,160888,7,2021,168964,-0.0477967,-0.520642
1,2021-08-01,Fez-Meknes,158559,8,2021,157928,0.00399805,0.075332
1,2021-09-01,Fez-Meknes,142308,9,2021,160901,-0.115555,-1.3003
1,2021-10-01,Fez-Meknes,157185,10,2021,173956,-0.0964109,-1.08002
1,2021-11-01,Fez-Meknes,169454,11,2021,180736,-0.0624206,-0.688911
1,2021-12-01,Fez-Meknes,169790,12,2021,176624,-0.0386898,-0.415855
1,2022-01-01,Fez-Meknes,158263,1,2022,168853,-0.0627183,-0.692337
1,2022-02-01,Fez-Meknes,148616,2,2022,167685,-0.113719,-1.27918
1,2022-03-01,Fez-Meknes,149998,3,2022,166322,-0.0981457,-1.09998
1,2022-04-01,Fez-Meknes,158579,4,2022,161749,-0.0195994,-0.196191
1,2022-05-01,Fez-Meknes,178965,5,2022,173069,0.0340617,0.421259
1,2022-06-01,Fez-Meknes,190945,6,2022,193535,-0.0133791,-0.124617
1,2022-07-01,Fez-Meknes,166473,7,2022,167102,-0.00376564,-0.0140005
1,2022-08-01,Fez-Meknes,142265,8,2022,163359,-0.129131,-1.45651
1,2022-09-01,Fez-Meknes,159534,9,2022,155159,0.028193,0.35373
1,2022-10-01,Fez-Meknes,162105,10,2022,172316,-0.0592604,-0.652548
1,2022-11-01,Fez-Meknes,165618,11,2022,182014,-0.090083,-1.00721
1,2022-12-01,Fez-Meknes,156997,12,2022,180888,-0.132078,-1.49043
1,2023-01-01,Fez-Meknes,165944,1,2023,166293,-0.00209654,0.0052049
1,2023-02-01,Fez-Meknes,168084,2,2023,161195,0.042735,0.521057
1,2023-03-01,Fez-Meknes,165496,3,2023,161156,0.0269277,0.339172
1,2023-04-01,Fez-Meknes,167650,4,2023,158726,0.0562208,0.676231
1,2023-05-01,Fez-Meknes,187672,5,2023,170167,0.102869,1.21299
1,2023-06-01,Fez-Meknes,201945,6,2023,189868,0.0636095,0.761249
1,2023-07-01,Fez-Meknes,166569,7,2023,167070,-0.00300123,-0.0052049
1,2023-08-01,Fez-Meknes,161300,8,2023,157015,0.0272902,0.343343
1,2023-09-01,Fez-Meknes,161122,9,2023,154630,0.0419884,0.512467
1,2023-10-01,Fez-Meknes,179001,10,2023,166684,0.0738969,0.879621
1,2023-11-01,Fez-Meknes,182033,11,2023,176542,0.0311039,0.387225
1,2023-12-01,Fez-Meknes,168345,12,2023,177105,-0.0494618,-0.539802
1,2024-01-01,Fez-Meknes,182506,1,2024,160772,0.135186,1.58484
1,2024-02-01,Fez-Meknes,173494,2,2024,159392,0.0884684,1.04729
1,2024-03-01,Fez-Meknes,174750,3,2024,158071,0.105511,1.24339
1,2024-04-01,Fez-Meknes,175533,4,2024,156098,0.124509,1.46198
1,2024-05-01,Fez-Meknes,170654,5,2024,175840,-0.0294944,-0.310047
1,2024-06-04,Fez-Meknes,193295,6,2024,192752,0.00281755,0.0617487
1,2024-07-01,Fez-Meknes,173850,7,2024,164643,0.0559183,0.672751
1,2024-08-01,Fez-Meknes,170220,8,2024,154041,0.105026,1.23781
1,2024-09-01,Fez-Meknes,162047,9,2024,154321,0.0500637,0.605385
1,2024-10-01,Fez-Meknes,180762,10,2024,166097,0.0882939,1.04528
1,2024-11-01,Fez-Meknes,194555,11,2024,172368,0.128718,1.51041
1,2024-12-01,Fez-Meknes,204529,12,2024,165044,0.239238,2.78212
1,2021-01-01,Guelmim-Oued Noun,68695.2,1,2021,81151.4,-0.153493,-0.888296
1,2021-02-01,Guelmim-Oued Noun,62875.7,2,2021,83070.2,-0.243102,-1.35548
1,2021-03-01,Guelmim-Oued Noun,81488.1,3,2021,86219.4,-0.0548752,-0.374142
1,2021-04-01,Guelmim-Oued Noun,74053.4,4,2021,93090.1,-0.204498,-1.15421
1,2021-05-01,Guelmim-Oued Noun,77947.3,5,2021,95098.6,-0.180353,-1.02833
1,2021-06-01,Guelmim-Oued Noun,81714.5,6,2021,91612.8,-0.108045,-0.651347
1,2021-07-01,Guelmim-Oued Noun,74466.6,7,2021,75515.6,-0.0138909,-0.160466
1,2021-08-01,Guelmim-Oued Noun,78440.4,8,2021,74672.6,0.0504571,0.17502
1,2021-09-01,Guelmim-Oued Noun,64044.2,9,2021,84455.7,-0.241683,-1.34808
1,2021-10-01,Guelmim-Oued Noun,77822.3,10,2021,96296.7,-0.191849,-1.08827
1,2021-11-01,Guelmim-Oued Noun,83762,11,2021,100690,-0.168118,-0.964544
1,2021-12-01,Guelmim-Oued Noun,87375.9,12,2021,84070.2,0.0393204,0.116957
1,2022-01-01,Guelmim-Oued Noun,64045.5,1,2022,82701.3,-0.225581,-1.26413
1,2022-02-01,Guelmim-Oued Noun,78361.8,2,2022,77908.2,0.00582228,-0.0576889
1,2022-03-01,Guelmim-Oued Noun,82478.4,3,2022,85889.4,-0.0397135,-0.295095
1,2022-04-01,Guelmim-Oued Noun,92340.1,4,2022,86994.6,0.0614467,0.232315
1,2022-05-01,Guelmim-Oued Noun,96216.6,5,2022,89008.9,0.0809783,0.334145
1,2022-06-01,Guelmim-Oued Noun,84095.2,6,2022,90819.3,-0.0740374,-0.474046
1,2022-07-01,Guelmim-Oued Noun,59446.8,7,2022,80522.2,-0.261734,-1.45262
1,2022-08-01,Guelmim-Oued Noun,65550.9,8,2022,78969.1,-0.169918,-0.973929
1,2022-09-01,Guelmim-Oued Noun,90117.3,9,2022,75764.7,0.189436,0.899603
1,2022-10-01,Guelmim-Oued Noun,79054,10,2022,95886.1,-0.175543,-1.00326
1,2022-11-01,Guelmim-Oued Noun,89215.2,11,2022,98872,-0.09767,-0.597257
1,2022-12-01,Guelmim-Oued Noun,69057.3,12,2022,90176.5,-0.234199,-1.30906
1,2023-01-01,Guelmim-Oued Noun,88543,1,2023,74535.5,0.18793,0.89175
1,2023-02-01,Guelmim-Oued Noun,85275.9,2,2023,75603.5,0.127936,0.578963
1,2023-03-01,Guelmim-Oued Noun,77355,3,2023,87597.1,-0.116923,-0.697634
1,2023-04-01,Guelmim-Oued Noun,94397.5,4,2023,86308.8,0.0937182,0.400566
1,2023-05-01,Guelmim-Oued Noun,102059,5,2023,87061.4,0.172265,0.810079
1,2023-06-01,Guelmim-Oued Noun,100592,6,2023,85320.4,0.17899,0.845142
1,2023-07-01,Guelmim-Oued Noun,76296.2,7,2023,74905.7,0.0185634,0.00873834
1,2023-08-01,Guelmim-Oued Noun,73560.4,8,2023,76299.3,-0.035896,-0.275192
1,2023-09-01,Guelmim-Oued Noun,83383,9,2023,78009.4,0.0688838,0.271089
1,2023-10-01,Guelmim-Oued Noun,107294,10,2023,86472.8,0.240781,1.16729
1,2023-11-01,Guelmim-Oued Noun,109224,11,2023,92202.3,0.184617,0.874476
1,2023-12-01,Guelmim-Oued Noun,90641.3,12,2023,82981.8,0.092304,0.393193
1,2024-01-01,Guelmim-Oued Noun,90865.8,1,2024,73761.2,0.23189,1.12094
1,2024-02-01,Guelmim-Oued Noun,85573,2,2024,75504.5,0.13335,0.60719
1,2024-03-01,Guelmim-Oued Noun,98824.9,3,2024,80440.5,0.228546,1.10351
1,2024-04-01,Guelmim-Oued Noun,92532.8,4,2024,86930.3,0.0644478,0.247961
1,2024-05-01,Guelmim-Oued Noun,87020.2,5,2024,92074.3,-0.0548916,-0.374227
1,2024-06-04,Guelmim-Oued Noun,90151.3,6,2024,88800.6,0.0152113,-0.00873834
1,2024-07-01,Guelmim-Oued Noun,90803.7,7,2024,70069.9,0.295902,1.45468
1,2024-08-01,Guelmim-Oued Noun,84906.6,8,2024,72517.2,0.170847,0.802684
1,2024-09-01,Guelmim-Oued Noun,79866.8,9,2024,79181.5,0.00865501,-0.0429201
1,2024-10-01,Guelmim-Oued Noun,102542,10,2024,88056.7,0.164502,0.769607
1,2024-11-01,Guelmim-Oued Noun,103630,11,2024,94067.2,0.101656,0.441949
1,2024-12-01,Guelmim-Oued Noun,92512.2,12,2024,82358.2,0.123291,0.554745
1,2021-01-01,Laâyoune-Sakia El Hamra,185864,1,2021,223226,-0.167376,-1.00056
1,2021-02-01,Laâyoune-Sakia El Hamra,165105,2,2021,238600,-0.308025,-1.67361
1,2021-03-01,Laâyoune-Sakia El Hamra,244820,3,2021,256225,-0.0445117,-0.412612
1,2021-04-01,Laâyoune-Sakia El Hamra,235589,4,2021,282244,-0.165299,-0.990621
1,2021-05-01,Laâyoune-Sakia El Hamra,240920,5,2021,282487,-0.147148,-0.903761
1,2021-06-01,Laâyoune-Sakia El Hamra,239519,6,2021,275047,-0.129172,-0.817739
1,2021-07-01,Laâyoune-Sakia El Hamra,227004,7,2021,213469,0.0634052,0.103806
1,2021-08-01,Laâyoune-Sakia El Hamra,258239,8,2021,229066,0.127356,0.409831
1,2021-09-01,Laâyoune-Sakia El Hamra,202303,9,2021,252844,-0.199892,-1.15616
1,2021-10-01,Laâyoune-Sakia El Hamra,236416,10,2021,295491,-0.199922,-1.1563
1,2021-11-01,Laâyoune-Sakia El Hamra,245084,11,2021,306306,-0.199873,-1.15607
1,2021-12-01,Laâyoune-Sakia El Hamra,246215,12,2021,250223,-0.0160192,-0.276266
1,2022-01-01,Laâyoune-Sakia El Hamra,169527,1,2022,228672,-0.258647,-1.43732
1,2022-02-01,Laâyoune-Sakia El Hamra,217642,2,2022,221088,-0.0155837,-0.274182
1,2022-03-01,Laâyoune-Sakia El Hamra,245061,3,2022,256144,-0.043268,-0.40666
1,2022-04-01,Laâyoune-Sakia El Hamra,279022,4,2022,267766,0.0420372,0.00155342
1,2022-05-01,Laâyoune-Sakia El Hamra,289206,5,2022,266391,0.0856447,0.21023
1,2022-06-01,Laâyoune-Sakia El Hamra,252023,6,2022,270879,-0.0696101,-0.532716
0.999999,2022-07-01,Laâyoune-Sakia El Hamra,148504,7,2022,239635,-0.38029,-2.01942
1,2022-08-01,Laâyoune-Sakia El Hamra,198046,8,2022,249130,-0.20505,-1.18084
1,2022-09-01,Laâyoune-Sakia El Hamra,258690,9,2022,234048,0.105285,0.304215
1,2022-10-01,Laâyoune-Sakia El Hamra,239818,10,2022,294357,-0.185283,-1.08625
1,2022-11-01,Laâyoune-Sakia El Hamra,265601,11,2022,299467,-0.113087,-0.740766
1,2022-12-01,Laâyoune-Sakia El Hamra,208491,12,2022,262798,-0.206652,-1.18851
1,2023-01-01,Laâyoune-Sakia El Hamra,249689,1,2023,201951,0.236383,0.931562
1,2023-02-01,Laâyoune-Sakia El Hamra,249363,2,2023,210514,0.184546,0.683504
1,2023-03-01,Laâyoune-Sakia El Hamra,229036,3,2023,261486,-0.124096,-0.793451
1,2023-04-01,Laâyoune-Sakia El Hamra,287938,4,2023,264794,0.0874045,0.218651
1,2023-05-01,Laâyoune-Sakia El Hamra,301762,5,2023,262206,0.150859,0.522301
1,2023-06-01,Laâyoune-Sakia El Hamra,298776,6,2023,255295,0.170317,0.615415
1,2023-07-01,Laâyoune-Sakia El Hamra,223658,7,2023,214584,0.0422866,0.00274697
1,2023-08-01,Laâyoune-Sakia El Hamra,216640,8,2023,242932,-0.108228,-0.717513
1,2023-09-01,Laâyoune-Sakia El Hamra,245568,9,2023,238423,0.0299673,-0.0562048
1,2023-10-01,Laâyoune-Sakia El Hamra,337925,10,2023,261655,0.291488,1.19526
1,2023-11-01,Laâyoune-Sakia El Hamra,333630,11,2023,276790,0.205353,0.783075
1,2023-12-01,Laâyoune-Sakia El Hamra,269068,12,2023,242606,0.109075,0.322352
1,2024-01-01,Laâyoune-Sakia El Hamra,250464,1,2024,201693,0.241805,0.957508
1,2024-02-01,Laâyoune-Sakia El Hamra,248794,2,2024,210704,0.180779,0.665477
1,2024-03-01,Laâyoune-Sakia El Hamra,294576,3,2024,239639,0.22925,0.897429
1,2024-04-01,Laâyoune-Sakia El Hamra,279771,4,2024,267517,0.045808,0.0195979
1,2024-05-01,Laâyoune-Sakia El Hamra,256492,5,2024,277296,-0.0750234,-0.55862
1,2024-06-04,Laâyoune-Sakia El Hamra,274343,6,2024,263439,0.0413879,-0.00155342
1,2024-07-01,Laâyoune-Sakia El Hamra,268244,7,2024,199722,0.343086,1.44217
1,2024-08-01,Laâyoune-Sakia El Hamra,272511,8,2024,224308,0.214898,0.828749
1,2024-09-01,Laâyoune-Sakia El Hamra,254275,9,2024,235520,0.0796321,0.181457
1,2024-10-01,Laâyoune-Sakia El Hamra,308731,10,2024,271386,0.137609,0.458894
1,2024-11-01,Laâyoune-Sakia El Hamra,319687,11,2024,281438,0.135903,0.450732
1,2024-12-01,Laâyoune-Sakia El Hamra,273112,12,2024,241258,0.132033,0.432211
1,2021-01-01,Marrakech-Safi,146415,1,2021,169254,-0.134936,-0.968503
1,2021-02-01,Marrakech-Safi,148242,2,2021,158509,-0.0647709,-0.431687
1,2021-03-01,Marrakech-Safi,154791,3,2021,162023,-0.0446379,-0.277654
1,2021-04-01,Marrakech-Safi,144317,4,2021,174056,-0.170856,-1.24333
1,2021-05-01,Marrakech-Safi,154344,5,2021,181264,-0.148512,-1.07238
1,2021-06-01,Marrakech-Safi,169836,6,2021,178339,-0.0476774,-0.300908
1,2021-07-01,Marrakech-Safi,154116,7,2021,162369,-0.0508285,-0.325017
1,2021-08-01,Marrakech-Safi,156527,8,2021,156571,-0.000279385,0.0617239
1,2021-09-01,Marrakech-Safi,141526,9,2021,165136,-0.142975,-1.03001
1,2021-10-01,Marrakech-Safi,154307,10,2021,178028,-0.133238,-0.955518
1,2021-11-01,Marrakech-Safi,160580,11,2021,185077,-0.132361,-0.948802
1,2021-12-01,Marrakech-Safi,167386,12,2021,175882,-0.0482999,-0.305671
1,2022-01-01,Marrakech-Safi,151148,1,2022,167676,-0.0985738,-0.690306
1,2022-02-01,Marrakech-Safi,144629,2,2022,159713,-0.0944396,-0.658676
1,2022-03-01,Marrakech-Safi,146046,3,2022,164938,-0.114537,-0.812433
1,2022-04-01,Marrakech-Safi,162711,4,2022,167924,-0.031044,-0.17365
1,2022-05-01,Marrakech-Safi,181974,5,2022,172054,0.0576549,0.504967
1,2022-06-01,Marrakech-Safi,170276,6,2022,178192,-0.0444253,-0.276027
1,2022-07-01,Marrakech-Safi,146177,7,2022,165015,-0.114161,-0.809561
1,2022-08-01,Marrakech-Safi,138877,8,2022,162454,-0.145129,-1.04649
1,2022-09-01,Marrakech-Safi,166855,9,2022,156693,0.0648527,0.560036
1,2022-10-01,Marrakech-Safi,157972,10,2022,176806,-0.106522,-0.751118
1,2022-11-01,Marrakech-Safi,171941,11,2022,181291,-0.0515755,-0.330732
1,2022-12-01,Marrakech-Safi,152266,12,2022,180922,-0.15839,-1.14795
1,2023-01-01,Marrakech-Safi,170908,1,2023,161089,0.0609532,0.530202
1,2023-02-01,Marrakech-Safi,156599,2,2023,155723,0.00562523,0.106899
1,2023-03-01,Marrakech-Safi,164309,3,2023,158850,0.0343651,0.326782
1,2023-04-01,Marrakech-Safi,173858,4,2023,164209,0.0587596,0.513419
1,2023-05-01,Marrakech-Safi,186723,5,2023,170471,0.0953346,0.793247
1,2023-06-01,Marrakech-Safi,186138,6,2023,172905,0.0765341,0.649408
1,2023-07-01,Marrakech-Safi,158324,7,2023,160966,-0.0164147,-0.0617239
1,2023-08-01,Marrakech-Safi,154430,8,2023,157270,-0.0180595,-0.0743082
1,2023-09-01,Marrakech-Safi,171961,9,2023,154991,0.109491,0.901554
1,2023-10-01,Marrakech-Safi,190844,10,2023,165849,0.150711,1.21692
1,2023-11-01,Marrakech-Safi,189110,11,2023,175568,0.0771324,0.653986
1,2023-12-01,Marrakech-Safi,179907,12,2023,171708,0.0477467,0.429162
1,2024-01-01,Marrakech-Safi,185705,1,2024,156157,0.189219,1.51154
1,2024-02-01,Marrakech-Safi,174297,2,2024,149823,0.163352,1.31363
1,2024-03-01,Marrakech-Safi,175714,3,2024,155049,0.13328,1.08356
1,2024-04-01,Marrakech-Safi,185598,4,2024,160295,0.157851,1.27154
1,2024-05-01,Marrakech-Safi,175095,5,2024,174347,0.00429255,0.0967028
1,2024-06-04,Marrakech-Safi,178603,6,2024,175417,0.0181617,0.202813
1,2024-07-01,Marrakech-Safi,182606,7,2024,152872,0.194499,1.55193
1,2024-08-01,Marrakech-Safi,176405,8,2024,149945,0.17647,1.414
1,2024-09-01,Marrakech-Safi,156592,9,2024,160114,-0.0219949,-0.104417
1,2024-10-01,Marrakech-Safi,185267,10,2024,167708,0.104698,0.864884
0.999984,2024-11-01,Marrakech-Safi,194182,11,2024,173877,0.116779,0.957313
0.999962,2024-12-01,Marrakech-Safi,195472,12,2024,166520,0.17387,1.3941
1,2021-01-01,Oriental,202551,1,2021,237064,-0.145586,-1.68742
1,2021-02-01,Oriental,228591,2,2021,213885,0.0687536,0.60443
1,2021-03-01,Oriental,193651,3,2021,217613,-0.110114,-1.30812
1,2021-04-01,Oriental,185856,4,2021,221727,-0.161782,-1.86059
1,2021-05-01,Oriental,203210,5,2021,238697,-0.148671,-1.7204
1,2021-06-01,Oriental,235683,6,2021,264135,-0.107718,-1.28251
1,2021-07-01,Oriental,208606,7,2021,216373,-0.0358999,-0.514588
1,2021-08-01,Oriental,200589,8,2021,203012,-0.0119395,-0.258388
1,2021-09-01,Oriental,189095,9,2021,212327,-0.109416,-1.30066
1,2021-10-01,Oriental,201941,10,2021,236624,-0.146573,-1.69797
1,2021-11-01,Oriental,239584,11,2021,245575,-0.0243987,-0.39161
1,2021-12-01,Oriental,245665,12,2021,240305,0.022306,0.107785
1,2022-01-01,Oriental,209003,1,2022,234913,-0.110299,-1.31011
1,2022-02-01,Oriental,183426,2,2022,228940,-0.198802,-2.25644
1,2022-03-01,Oriental,207861,3,2022,212876,-0.023558,-0.38262
1,2022-04-01,Oriental,214632,4,2022,212135,0.0117724,-0.00484695
1,2022-05-01,Oriental,241116,5,2022,226062,0.0665926,0.581324
1,2022-06-01,Oriental,261385,6,2022,255567,0.0227644,0.112687
0.993049,2022-07-01,Oriental,207544,7,2022,216727,-0.0423695,-0.583764
1,2022-08-01,Oriental,173121,8,2022,212168,-0.184038,-2.09857
1,2022-09-01,Oriental,214322,9,2022,203918,0.0510182,0.414793
1,2022-10-01,Oriental,213960,10,2022,232617,-0.0802054,-0.988328
1,2022-11-01,Oriental,221478,11,2022,251610,-0.119757,-1.41123
1,2022-12-01,Oriental,211147,12,2022,251811,-0.161488,-1.85746
1,2023-01-01,Oriental,233200,1,2023,226847,0.0280037,0.168708
1,2023-02-01,Oriental,220844,2,2023,216468,0.0202151,0.0854276
1,2023-03-01,Oriental,207718,3,2023,212924,-0.0244493,-0.392151
1,2023-04-01,Oriental,218099,4,2023,210979,0.0337461,0.230109
1,2023-05-01,Oriental,249480,5,2023,223274,0.117369,1.12426
1,2023-06-01,Oriental,277224,6,2023,250288,0.107621,1.02002
1,2023-07-01,Oriental,219204,7,2023,212841,0.0298949,0.18893
1,2023-08-01,Oriental,212523,8,2023,199034,0.067773,0.593946
1,2023-09-01,Oriental,204779,9,2023,207099,-0.0112025,-0.250508
1,2023-10-01,Oriental,230114,10,2023,227233,0.012679,0.00484695
1,2023-11-01,Oriental,249206,11,2023,242368,0.0282141,0.170958
1,2023-12-01,Oriental,232201,12,2023,244793,-0.0514389,-0.68074
0.999994,2024-01-01,Oriental,268989,1,2024,214918,0.251591,2.55943
1,2024-02-01,Oriental,237386,2,2024,210954,0.1253,1.20906
0.999997,2024-03-01,Oriental,237260,3,2024,203077,0.168325,1.66911
1,2024-04-01,Oriental,232450,4,2024,206196,0.127328,1.23074
1,2024-05-01,Oriental,225496,5,2024,231269,-0.0249591,-0.397602
1,2024-06-04,Oriental,253795,6,2024,258097,-0.016668,-0.308949
1,2024-07-01,Oriental,222372,7,2024,211785,0.0499921,0.403821
1,2024-08-01,Oriental,223393,8,2024,195411,0.143194,1.40039
1,2024-09-01,Oriental,217880,9,2024,202732,0.0747214,0.668242
1,2024-10-01,Oriental,265797,10,2024,215338,0.234322,2.37479
1,2024-11-01,Oriental,266041,11,2024,236756,0.123695,1.1919
1,2024-12-01,Oriental,277567,12,2024,229671,0.208543,2.09914
1,2021-01-01,Rabat-Salé-Kenitra,149004,1,2021,160612,-0.0722749,-0.676166
1,2021-02-01,Rabat-Salé-Kenitra,138641,2,2021,164376,-0.156564,-1.37279
1,2021-03-01,Rabat-Salé-Kenitra,159781,3,2021,171116,-0.0662442,-0.626324
1,2021-04-01,Rabat-Salé-Kenitra,154102,4,2021,181241,-0.149739,-1.31639
1,2021-05-01,Rabat-Salé-Kenitra,150097,5,2021,180545,-0.168648,-1.47266
1,2021-06-01,Rabat-Salé-Kenitra,155266,6,2021,188817,-0.177693,-1.54742
1,2021-07-01,Rabat-Salé-Kenitra,142339,7,2021,163305,-0.128387,-1.13991
1,2021-08-01,Rabat-Salé-Kenitra,141166,8,2021,147430,-0.0424926,-0.430024
1,2021-09-01,Rabat-Salé-Kenitra,149852,9,2021,164586,-0.0895223,-0.81871
1,2021-10-01,Rabat-Salé-Kenitra,148992,10,2021,163479,-0.0886192,-0.811246
1,2021-11-01,Rabat-Salé-Kenitra,155792,11,2021,174175,-0.105542,-0.951109
1,2021-12-01,Rabat-Salé-Kenitra,165897,12,2021,178743,-0.0718696,-0.672816
1,2022-01-01,Rabat-Salé-Kenitra,150811,1,2022,160010,-0.0574905,-0.553977
1,2022-02-01,Rabat-Salé-Kenitra,160752,2,2022,157005,0.0238626,0.118381
1,2022-03-01,Rabat-Salé-Kenitra,158941,3,2022,171396,-0.0726706,-0.679436
1,2022-04-01,Rabat-Salé-Kenitra,171189,4,2022,175545,-0.0248146,-0.283921
1,2022-05-01,Rabat-Salé-Kenitra,177012,5,2022,171574,0.0316946,0.18311
1,2022-06-01,Rabat-Salé-Kenitra,187091,6,2022,178209,0.0498363,0.333046
1,2022-07-01,Rabat-Salé-Kenitra,169016,7,2022,154413,0.0945754,0.702802
1,2022-08-01,Rabat-Salé-Kenitra,116772,8,2022,155562,-0.249351,-2.13965
1,2022-09-01,Rabat-Salé-Kenitra,157321,9,2022,162096,-0.0294578,-0.322295
1,2022-10-01,Rabat-Salé-Kenitra,162205,10,2022,159075,0.0196738,0.0837623
1,2022-11-01,Rabat-Salé-Kenitra,164983,11,2022,171111,-0.0358097,-0.374792
1,2022-12-01,Rabat-Salé-Kenitra,155614,12,2022,182171,-0.145779,-1.28365
1,2023-01-01,Rabat-Salé-Kenitra,155538,1,2023,158434,-0.0182807,-0.22992
1,2023-02-01,Rabat-Salé-Kenitra,158332,2,2023,157812,0.00329547,-0.0515996
1,2023-03-01,Rabat-Salé-Kenitra,171969,3,2023,167054,0.0294211,0.164321
1,2023-04-01,Rabat-Salé-Kenitra,180543,4,2023,172427,0.0470673,0.310161
1,2023-05-01,Rabat-Salé-Kenitra,185442,5,2023,168764,0.0988295,0.73796
1,2023-06-01,Rabat-Salé-Kenitra,193910,6,2023,175936,0.10216,0.765485
1,2023-07-01,Rabat-Salé-Kenitra,161008,7,2023,157082,0.0249877,0.12768
1,2023-08-01,Rabat-Salé-Kenitra,162597,8,2023,140287,0.159034,1.23553
1,2023-09-01,Rabat-Salé-Kenitra,170280,9,2023,157777,0.0792433,0.576086
1,2023-10-01,Rabat-Salé-Kenitra,176986,10,2023,154148,0.14816,1.14566
1,2023-11-01,Rabat-Salé-Kenitra,169533,11,2023,169594,-0.000361574,-0.081824
1,2023-12-01,Rabat-Salé-Kenitra,176005,12,2023,175374,0.00359755,-0.0491031
1,2024-01-01,Rabat-Salé-Kenitra,175488,1,2024,151784,0.156166,1.21183
1,2024-02-01,Rabat-Salé-Kenitra,174043,2,2024,152575,0.140709,1.08408
1,2024-03-01,Rabat-Salé-Kenitra,182440,3,2024,163564,0.115405,0.874951
1,2024-04-01,Rabat-Salé-Kenitra,191991,4,2024,168611,0.138658,1.06713
1,2024-05-01,Rabat-Salé-Kenitra,179182,5,2024,170850,0.0487665,0.324205
1,2024-06-04,Rabat-Salé-Kenitra,185452,6,2024,178755,0.037463,0.230784
1,2024-07-01,Rabat-Salé-Kenitra,159892,7,2024,157454,0.0154802,0.0491031
1,2024-08-01,Rabat-Salé-Kenitra,162922,8,2024,140178,0.162249,1.26211
1,2024-09-01,Rabat-Salé-Kenitra,166157,9,2024,159151,0.0440234,0.285004
1,2024-10-01,Rabat-Salé-Kenitra,151247,10,2024,162728,-0.0705519,-0.661926
1,2024-11-01,Rabat-Salé-Kenitra,188008,11,2024,163436,0.150343,1.1637
1,2024-12-01,Rabat-Salé-Kenitra,204611,12,2024,165839,0.233793,1.85339
1,2021-01-01,Souss-Massa,126808,1,2021,155613,-0.185109,-1.08546
1,2021-02-01,Souss-Massa,126325,2,2021,145328,-0.130759,-0.740515
1,2021-03-01,Souss-Massa,145093,3,2021,151266,-0.0408051,-0.16961
1,2021-04-01,Souss-Massa,126211,4,2021,158807,-0.205256,-1.21332
1,2021-05-01,Souss-Massa,137272,5,2021,161435,-0.149673,-0.860557
1,2021-06-01,Souss-Massa,148363,6,2021,158384,-0.0632718,-0.312198
1,2021-07-01,Souss-Massa,128463,7,2021,141401,-0.0914988,-0.491346
1,2021-08-01,Souss-Massa,127041,8,2021,136818,-0.0714624,-0.364181
1,2021-09-01,Souss-Massa,120097,9,2021,150478,-0.201897,-1.192
1,2021-10-01,Souss-Massa,137952,10,2021,165136,-0.164615,-0.955389
1,2021-11-01,Souss-Massa,149875,11,2021,174138,-0.139329,-0.794908
1,2021-12-01,Souss-Massa,154394,12,2021,157048,-0.016902,-0.0179054
1,2022-01-01,Souss-Massa,127824,1,2022,155274,-0.176784,-1.03262
1,2022-02-01,Souss-Massa,128561,2,2022,144582,-0.110808,-0.613892
1,2022-03-01,Souss-Massa,147854,3,2022,150346,-0.0165725,-0.0158141
1,2022-04-01,Souss-Massa,155572,4,2022,149020,0.0439728,0.368447
1,2022-05-01,Souss-Massa,167532,5,2022,151348,0.106933,0.768033
1,2022-06-01,Souss-Massa,153186,6,2022,156776,-0.0228983,-0.0559619
1,2022-07-01,Souss-Massa,126432,7,2022,142079,-0.110128,-0.609579
1,2022-08-01,Souss-Massa,118793,8,2022,139567,-0.148842,-0.855286
1,2022-09-01,Souss-Massa,159428,9,2022,137368,0.160585,1.10854
1,2022-10-01,Souss-Massa,143543,10,2022,163273,-0.120842,-0.677578
1,2022-11-01,Souss-Massa,157985,11,2022,171435,-0.0784509,-0.408535
1,2022-12-01,Souss-Massa,132926,12,2022,164204,-0.190482,-1.11956
1,2023-01-01,Souss-Massa,157364,1,2023,145428,0.0820725,0.610252
1,2023-02-01,Souss-Massa,150000,2,2023,137436,0.0914158,0.669551
1,2023-03-01,Souss-Massa,139438,3,2023,153151,-0.0895373,-0.478896
1,2023-04-01,Souss-Massa,154709,4,2023,149307,0.0361819,0.319
1,2023-05-01,Souss-Massa,165843,5,2023,151911,0.0917077,0.671404
1,2023-06-01,Souss-Massa,164477,6,2023,153013,0.0749204,0.56486
1,2023-07-01,Souss-Massa,138269,7,2023,138133,0.000986507,0.0956271
1,2023-08-01,Souss-Massa,133048,8,2023,134815,-0.0131061,0.0061864
1,2023-09-01,Souss-Massa,150744,9,2023,140263,0.0747246,0.563618
1,2023-10-01,Souss-Massa,180495,10,2023,150956,0.19568,1.33128
1,2023-11-01,Souss-Massa,181458,11,2023,163610,0.10909,0.781721
1,2023-12-01,Souss-Massa,164942,12,2023,153532,0.0743194,0.561046
1,2024-01-01,Souss-Massa,181652,1,2024,137332,0.32272,2.13756
1,2024-02-01,Souss-Massa,157422,2,2024,134962,0.166416,1.14555
0.999999,2024-03-01,Souss-Massa,166505,3,2024,144129,0.155256,1.07472
1,2024-04-01,Souss-Massa,166138,4,2024,145498,0.141865,0.989732
1,2024-05-01,Souss-Massa,150929,5,2024,156882,-0.0379464,-0.151467
1,2024-06-04,Souss-Massa,157489,6,2024,155342,0.0138236,0.1771
1,2024-07-01,Souss-Massa,159503,7,2024,131055,0.217074,1.46706
1,2024-08-01,Souss-Massa,158612,8,2024,126294,0.255892,1.71343
1,2024-09-01,Souss-Massa,141264,9,2024,143423,-0.0150556,-0.0061864
1,2024-10-01,Souss-Massa,171372,10,2024,153996,0.112829,0.805451
1,2024-11-01,Souss-Massa,182970,11,2024,163106,0.121782,0.862276
0.999996,2024-12-01,Souss-Massa,173276,12,2024,150754,0.149396,1.03753
1,2021-01-01,Tangier-Tetouan-Al Hoceima,153183,1,2021,152182,0.00657961,0.0902215
1,2021-02-01,Tangier-Tetouan-Al Hoceima,147562,2,2021,145556,0.0137777,0.212554
1,2021-03-01,Tangier-Tetouan-Al Hoceima,159977,3,2021,158177,0.0113833,0.171861
1,2021-04-01,Tangier-Tetouan-Al Hoceima,153461,4,2021,164223,-0.06553,-1.1353
1,2021-05-01,Tangier-Tetouan-Al Hoceima,154510,5,2021,166652,-0.0728573,-1.25983
1,2021-06-01,Tangier-Tetouan-Al Hoceima,141404,6,2021,176525,-0.198957,-3.40293
1,2021-07-01,Tangier-Tetouan-Al Hoceima,157269,7,2021,158820,-0.00976327,-0.18753
1,2021-08-01,Tangier-Tetouan-Al Hoceima,151650,8,2021,141347,0.0728921,1.21722
1,2021-09-01,Tangier-Tetouan-Al Hoceima,151168,9,2021,157489,-0.0401361,-0.703725
1,2021-10-01,Tangier-Tetouan-Al Hoceima,155865,10,2021,154637,0.00793941,0.113332
1,2021-11-01,Tangier-Tetouan-Al Hoceima,149049,11,2021,159876,-0.0677253,-1.17261
1,2021-12-01,Tangier-Tetouan-Al Hoceima,155865,12,2021,160297,-0.0276485,-0.491495
1,2022-01-01,Tangier-Tetouan-Al Hoceima,150475,1,2022,153085,-0.0170466,-0.311313
1,2022-02-01,Tangier-Tetouan-Al Hoceima,146317,2,2022,145971,0.00237387,0.0187439
1,2022-03-01,Tangier-Tetouan-Al Hoceima,152685,3,2022,160607,-0.0493262,-0.859912
1,2022-04-01,Tangier-Tetouan-Al Hoceima,153725,4,2022,164135,-0.0634232,-1.09949
1,2022-05-01,Tangier-Tetouan-Al Hoceima,168124,5,2022,162114,0.0370716,0.60844
1,2022-06-01,Tangier-Tetouan-Al Hoceima,185396,6,2022,161861,0.145402,2.44955
1,2022-07-01,Tangier-Tetouan-Al Hoceima,156336,7,2022,159131,-0.0175658,-0.320136
1,2022-08-01,Tangier-Tetouan-Al Hoceima,114649,8,2022,153681,-0.253981,-4.33807
1,2022-09-01,Tangier-Tetouan-Al Hoceima,160997,9,2022,154213,0.0439907,0.726033
1,2022-10-01,Tangier-Tetouan-Al Hoceima,151291,10,2022,156162,-0.031187,-0.551633
1,2022-11-01,Tangier-Tetouan-Al Hoceima,150251,11,2022,159475,-0.0578439,-1.00467
1,2022-12-01,Tangier-Tetouan-Al Hoceima,144053,12,2022,164234,-0.12288,-2.10998
1,2023-01-01,Tangier-Tetouan-Al Hoceima,146612,1,2023,154372,-0.0502657,-0.87588
1,2023-02-01,Tangier-Tetouan-Al Hoceima,135880,2,2023,149450,-0.0907989,-1.56475
1,2023-03-01,Tangier-Tetouan-Al Hoceima,161942,3,2023,157522,0.0280615,0.455312
1,2023-04-01,Tangier-Tetouan-Al Hoceima,165873,4,2023,160085,0.0361546,0.592856
1,2023-05-01,Tangier-Tetouan-Al Hoceima,168555,5,2023,161970,0.0406544,0.669331
1,2023-06-01,Tangier-Tetouan-Al Hoceima,176413,6,2023,164855,0.0701085,1.16991
1,2023-07-01,Tangier-Tetouan-Al Hoceima,156839,7,2023,158963,-0.013365,-0.248743
1,2023-08-01,Tangier-Tetouan-Al Hoceima,155086,8,2023,140202,0.106166,1.78272
1,2023-09-01,Tangier-Tetouan-Al Hoceima,155827,9,2023,155936,-0.000704845,-0.0335797
1,2023-10-01,Tangier-Tetouan-Al Hoceima,158687,10,2023,153696,0.0324715,0.530261
1,2023-11-01,Tangier-Tetouan-Al Hoceima,161819,11,2023,155619,0.0398377,0.655452
1,2023-12-01,Tangier-Tetouan-Al Hoceima,157527,12,2023,159743,-0.0138731,-0.257377
1,2024-01-01,Tangier-Tetouan-Al Hoceima,159458,1,2024,150090,0.0624152,1.03916
1,2024-02-01,Tangier-Tetouan-Al Hoceima,154471,2,2024,143253,0.0783086,1.30928
1,2024-03-01,Tangier-Tetouan-Al Hoceima,159903,3,2024,158202,0.0107539,0.161165
1,2024-04-01,Tangier-Tetouan-Al Hoceima,173070,4,2024,157686,0.0975584,1.63643
1,2024-05-01,Tangier-Tetouan-Al Hoceima,163277,5,2024,163730,-0.00276555,-0.068602
1,2024-06-04,Tangier-Tetouan-Al Hoceima,167766,6,2024,167738,0.000168091,-0.0187439
1,2024-07-01,Tangier-Tetouan-Al Hoceima,163285,7,2024,156815,0.0412616,0.67965
1,2024-08-01,Tangier-Tetouan-Al Hoceima,154306,8,2024,140462,0.0985624,1.65349
1,2024-09-01,Tangier-Tetouan-Al Hoceima,155644,9,2024,155997,-0.00226294,-0.06006
1,2024-10-01,Tangier-Tetouan-Al Hoceima,153933,10,2024,155281,-0.00868269,-0.169165
1,2024-11-01,Tangier-Tetouan-Al Hoceima,167559,11,2024,153706,0.0901254,1.5101
1,2024-12-01,Tangier-Tetouan-Al Hoceima,179311,12,2024,152482,0.17595,2.96872
