shapeID,name,area_km2,n_pixels,sol,rad_km2,sol_per_km2,mean_rad,median_rad,p90_rad,max_rad,lit_area_km2,lit_share,core_area_km2,core_share,pop,pop_inhabited,pop_lit,pop_dark,pop_lit_share,pop_density,sol_per_capita,gini_pixels,gini_pop_light,cv_rad,sol_share_nat,pop_share_nat,light_pop_ratio
70788906B89532291078161,Laâyoune-Sakia El Hamra,143832,71804,703.726,1404.3,0.00489271,0.00980065,0,0,42.0604,539.827,0.00375319,27.9702,0.000194465,11871.6,11028.3,7094.09,3934.24,0.64326,0.0825385,0.0592779,0.998724,0.719181,41.8434,0.00872861,0.000356502,24.484
70788906B66040098455254,Tangier-Tetouan-Al Hoceima,16081.4,8800,10571.2,19226.9,0.657356,1.20128,0,0.853209,147.76,3528.43,0.21941,340.021,0.0211437,3.51919e+06,3.51919e+06,2.64228e+06,876901,0.750823,218.835,0.00300389,0.952499,0.615049,6.32225,0.13112,0.10568,1.24072
70788906B40056535803135,Oriental,65846,35345,10044.4,18452.5,0.152544,0.284182,0,0.116924,120.499,5308.48,0.0806196,391.516,0.00594593,2.28876e+06,2.28423e+06,1.90494e+06,379286,0.833954,34.7593,0.00438858,0.978178,0.585016,10.2383,0.124585,0.068731,1.81265
70788906B26242154300952,Drâa-Tafilalet,85828.3,44902,2604.59,4955.08,0.0303465,0.0580061,0,0,83.0438,1856.13,0.0216261,108.369,0.00126263,1.64334e+06,1.63944e+06,774099,865345,0.472172,19.1468,0.00158494,0.992266,0.833525,17.4393,0.0323058,0.0493491,0.654639
70788906B1820144472977,Souss-Massa,53450.9,27595,5263.48,10156.9,0.0984731,0.19074,0,0,73.8841,3121.85,0.0584059,210.316,0.00393475,2.67439e+06,2.67122e+06,1.93131e+06,739913,0.723005,50.0344,0.00196811,0.983278,0.667071,11.5023,0.0652851,0.0803111,0.812904
70788906B64069740334949,Guelmim-Oued Noun,44588.1,22669,1027.48,2011,0.0230438,0.0453253,0,0,58.8008,690.547,0.0154872,35.2394,0.000790332,404997,401838,270595,131244,0.673392,9.08306,0.00253701,0.994444,0.745975,19.8831,0.0127443,0.0121619,1.04788
70788906B33851053053385,Casablanca-Settat,20193,10774,16292.6,30391.8,0.806842,1.51221,0.0426396,1.44115,137.424,6995.36,0.346425,647.107,0.032046,6.84711e+06,6.84711e+06,6.04153e+06,805582,0.882347,339.083,0.00237948,0.918096,0.513322,4.84529,0.202084,0.205617,0.982818
70788906B60308563647099,Marrakech-Safi,38866.5,20441,9338.74,17740.3,0.240277,0.456863,0,0.447441,107.8,5893.86,0.151644,353.289,0.00908979,4.53346e+06,4.53346e+06,2.92795e+06,1.60551e+06,0.645853,116.642,0.00205996,0.954598,0.714777,7.85203,0.115832,0.136139,0.850841
70788906B40522022577718,Dakhla-Oued Ed-Dahab,128041,62189,367.276,752.004,0.00286843,0.0059058,0,0,77.5343,86.385,0.000674668,14.3253,0.000111881,0,0,0,0,,0,,0.999853,0.999852,91.1301,0.00455548,0,
70788906B15955360211262,Rabat-Salé-Kenitra,17569.6,9490,10117.4,18726,0.575847,1.06611,0,0.892258,95.6108,4232.98,0.240927,446.229,0.0253978,4.55763e+06,4.55763e+06,3.92892e+06,628712,0.862053,259.405,0.00221988,0.939995,0.564212,5.36829,0.12549,0.136864,0.916895
70788906B83815134303720,Fez-Meknes,38697.4,20826,8787.46,16286.4,0.227082,0.421947,0,0.417055,74.7946,5296.9,0.13688,335.567,0.00867156,4.27956e+06,4.27956e+06,3.29025e+06,989311,0.768829,110.591,0.00205335,0.959716,0.605601,7.89363,0.108995,0.128514,0.848114
70788906B63032885328780,Béni Mellal-Khénifra,27540.8,14605,5504.49,10368.4,0.199867,0.376891,0,0.562732,82.2834,4212.82,0.152967,178.872,0.00649479,2.54001e+06,2.54001e+06,1.85586e+06,684154,0.730649,92.2273,0.00216711,0.948781,0.7199,7.75329,0.0682746,0.0762759,0.8951
