shapeID,name,area_km2,n_pixels,sol,rad_km2,sol_per_km2,mean_rad,median_rad,p90_rad,max_rad,lit_area_km2,lit_share,core_area_km2,core_share,pop,pop_inhabited,pop_lit,pop_dark,pop_lit_share,pop_density,sol_per_capita,gini_pixels,gini_pop_light,cv_rad,sol_share_nat,pop_share_nat,light_pop_ratio,parent
96644757B24539393832458,Province de Khémisset إقليم الخميسات,7690.19,4135,1620.94,3009.94,0.210781,0.392006,0,0.735983,59.653,1545.82,0.201012,51.9696,0.00675791,550928,550928,412669,138258,0.749044,71.6403,0.00294221,0.930695,0.647133,6.87224,0.0140296,0.015535,0.903093,Rabat-Salé-Kenitra
96644757B21316479060137,Rhamna Province,5473.05,2894,1552.29,2936.91,0.283625,0.536383,0,0.871731,91.3422,1474.42,0.269397,39.7215,0.00725765,319534,319534,206844,112690,0.647331,58.3832,0.00485798,0.910425,0.76861,7.31363,0.0134354,0.0090102,1.49113,Marrakech-Safi
96644757B64432809888793,Province de Sidi Slimane إقليم سيدي سليمان,1488.48,806,602.467,1112.55,0.404753,0.747478,0,1.30147,67.0637,622.16,0.417983,14.7777,0.00992801,327462,327462,269287,58174.1,0.822348,219.997,0.00183981,0.818785,0.731894,4.31376,0.00521447,0.00923374,0.564719,Rabat-Salé-Kenitra
96644757B12662883146655,Province de Kenitra إقليم القنيطرة,3354.32,1823,3312.68,6109.51,0.987589,1.81716,0.435531,2.32538,64.1682,1985.42,0.591901,129.209,0.0385203,1.1837e+06,1.1837e+06,1.07626e+06,107436,0.909237,352.888,0.00279859,0.824941,0.592414,3.44064,0.0286719,0.0333778,0.85901,Rabat-Salé-Kenitra
96644757B53703826618026,Taroudant Province,15780.3,8191,1460.66,2813.78,0.0925624,0.178326,0,0.358867,52.9699,1864.38,0.118146,30.8342,0.00195397,866352,866349,503828,362521,0.581553,54.9008,0.00168599,0.944378,0.808988,7.04765,0.0126423,0.0244293,0.517506,Souss-Massa
96644757B51161748863193,Sidi Ifni Province,3061.39,1571,199.29,388.08,0.0650978,0.126856,0,0.20584,13.1409,255.147,0.0833434,1.94746,0.000636136,99804.9,99804.9,39026.9,60778,0.391032,32.6011,0.0019968,0.955393,0.799532,5.64601,0.00172489,0.00281429,0.612904,Guelmim-Oued Noun
96644757B26550498921337,Tata Province,26447.7,13606,249.723,485.321,0.00944217,0.0183539,0,0,19.6937,308.948,0.0116815,5.83531,0.000220636,108557,105321,40516.3,64804.9,0.384693,4.10461,0.00230038,0.993974,0.818326,17.3375,0.0021614,0.00306109,0.706089,Souss-Massa
96644757B35891480133263,Province d'Errachidia إقليم الرشيدية,26847.2,14066,1376.74,2617.07,0.0512808,0.0978775,0,0,61.7454,1176.02,0.0438042,53.1893,0.00198119,428599,425915,329645,96269,0.773971,15.9644,0.0032122,0.983319,0.709284,12.4841,0.011916,0.0120856,0.985965,Drâa-Tafilalet
96644757B48127384361052,Boujdour Province,55977.9,27721,351.762,705.816,0.00628394,0.0126894,0,0,56.4931,128.413,0.00229399,16.0525,0.000286766,0,0,0,0,,0,,0.999459,0.999455,50.7095,0.00304456,0,,Laâyoune-Sakia El Hamra
96644757B23117375948520,Province de Safi إقليم أسفي,4078.9,2158,1701.61,3215.53,0.417173,0.788511,0,0.977967,66.3303,1192.47,0.292352,64.2549,0.015753,699146,699146,505831,193315,0.723498,171.406,0.00243384,0.918607,0.627742,5.51047,0.0147277,0.0197145,0.747051,Marrakech-Safi
96644757B54259280648674,Province de Youssoufia إقليم اليوسفية,2945.47,1554,782.847,1481.09,0.26578,0.503762,0,0.80742,66.356,778.418,0.264277,22.687,0.00770234,261701,261701,171512,90188.7,0.655375,88.8487,0.00299138,0.908737,0.752816,6.38956,0.00677569,0.00737942,0.918187,Marrakech-Safi
96644757B42104761334354,Province de Moulay Yacoub إقليم مولاي يعقوب,1472.43,796,998.887,1850.17,0.678393,1.25488,0.300247,2.54938,43.9954,760.592,0.516555,38.9183,0.0264313,252112,252112,204707,47404.9,0.811969,171.221,0.00396208,0.792417,0.594045,2.73819,0.00864556,0.00710904,1.21614,Fez-Meknes
96644757B25654465299878,Province de Nador إقليم الناظور,3123.68,1706,3418.14,6248.53,1.09427,2.0036,0.329019,3.78868,91.3422,1640.9,0.52531,126.137,0.0403808,566158,566158,539218,26940.3,0.952416,181.247,0.00603742,0.831271,0.547689,3.28207,0.0295846,0.0159645,1.85315,Oriental
96644757B54306876372793,Chefchaouen Province,3866.22,2114,868.202,1586.76,0.224561,0.410692,0,0.775902,47.6297,1075.63,0.278213,25.5569,0.0066103,465992,465992,258070,207921,0.553808,120.529,0.00186313,0.887363,0.855303,5.60742,0.00751445,0.01314,0.571876,Tangier-Tetouan-Al Hoceima
96644757B91342156363380,Préfecture de Skhirate-Témara عمالة الصخيرات-تمارة,1088.87,586,3303.38,6130.79,3.03378,5.63717,1.36454,16.1542,91.3422,770.79,0.707881,161.45,0.148273,726669,726669,720789,5879.34,0.991909,667.361,0.00454593,0.77378,0.387401,2.12491,0.0285914,0.0204906,1.39535,Rabat-Salé-Kenitra
96644757B9799798831472,Settat Province,6844.42,3644,2479.09,4651.94,0.362206,0.680322,0.288104,1.27217,64.4984,3595.4,0.525303,41.2553,0.00602758,659215,659213,526791,132423,0.79912,96.3142,0.00376067,0.729345,0.753628,3.69655,0.021457,0.0185885,1.15432,Casablanca-Settat
96644757B99021473747258,Chtouka-Ait Baha Province,3488.55,1803,1060.98,2050.1,0.304132,0.588452,0,1.73014,40.1848,1132.69,0.324688,17.3838,0.0049831,416039,416039,339637,76402.1,0.816359,119.258,0.00255019,0.828893,0.675078,3.08068,0.00918298,0.0117315,0.782766,Souss-Massa
96644757B89687162507810,Préfecture de M'diq-Fnideq عمالة المضيق الفنيدق,230.389,127,1326.24,2406.71,5.75653,10.4428,2.4006,28.7584,84.7948,208.611,0.905474,72.5941,0.315094,241615,241615,240399,1215.66,0.994969,1048.73,0.00548907,0.704499,0.464328,1.64734,0.0114789,0.00681304,1.68484,Tangier-Tetouan-Al Hoceima
96644757B85287588144355,Province de Taza اقليم تازة,6070.28,3288,1404.19,2593.57,0.231322,0.427065,0,0.794012,70.4802,1467.29,0.241717,38.8148,0.00639423,512804,512804,356145,156658,0.694507,84.4777,0.00273826,0.910924,0.728397,6.34401,0.0121535,0.01446,0.840492,Fez-Meknes
96644757B93440982531475,Province d'Ouezzane إقليم وزان,2123.43,1157,499.783,917.768,0.235366,0.431965,0,0.856064,77.2328,714.409,0.336441,9.17897,0.00432271,292758,292758,189527,103230,0.647387,137.87,0.00170716,0.847559,0.84118,6.88006,0.00432572,0.00825517,0.524001,Tangier-Tetouan-Al Hoceima
96644757B56432502406176,Fahs-Anjra Province,703.755,388,1202.09,2180.97,1.70811,3.09816,1.30488,6.12151,63.1429,549.58,0.780926,48.9945,0.0696187,88793,88793,76088.4,12704.5,0.85692,126.17,0.0135381,0.709693,0.664144,2.21384,0.0104043,0.00250378,4.15544,Tangier-Tetouan-Al Hoceima
96644757B99920267922653,Al Hoceima Province,3517,1920,1864.67,3409.53,0.530188,0.971182,0,1.30884,91.3422,1439.29,0.409238,69.4446,0.0197454,394525,394525,281530,112995,0.713592,112.177,0.00472636,0.870109,0.766395,4.63047,0.0161391,0.0111248,1.45073,Tangier-Tetouan-Al Hoceima
96644757B34372354169334,Province de Benslimane إقليم بن سليمان,2484.86,1333,1701.52,3165.35,0.684754,1.27646,0.18763,2.41095,49.303,1204.89,0.484894,44.6063,0.0179513,241288,241288,201204,40084.1,0.833875,97.1036,0.0070518,0.795953,0.666421,2.97514,0.014727,0.00680384,2.16451,Casablanca-Settat
96644757B75888110493475,Tarfaya Province,12212.1,6167,99.1502,195.867,0.00811904,0.0160775,0,0,16.5034,144.256,0.0118126,1.97444,0.000161679,13072.6,12387.8,9397.46,2990.37,0.758604,1.07046,0.0075846,0.994187,0.622617,17.5146,0.000858164,0.000368619,2.32805,Laâyoune-Sakia El Hamra
96644757B25874170222857,Province de Figuig إقليم الناظور,34564.9,18388,736.426,1388.15,0.0213056,0.0400493,0,0,85.5425,603.185,0.0174508,22.6093,0.000654112,138846,134401,88024.1,46376.7,0.654937,4.01697,0.0053039,0.99418,0.80031,24.538,0.00637391,0.00391517,1.628,Oriental
96644757B9718685225615,Province de Sidi Kacem إقليم سيدي قاسم,3121.17,1694,1182.02,2179.11,0.37871,0.697766,0.271876,1.13908,45.9954,1573.79,0.504233,31.3276,0.0100372,535579,535579,430431,105148,0.803674,171.596,0.00220699,0.769127,0.745257,3.70225,0.0102306,0.0151022,0.677421,Rabat-Salé-Kenitra
96644757B92138134403299,Médiouna Province,221.792,119,1370.45,2553.84,6.17898,11.5164,6.75603,27.5252,53.6156,221.792,1,87.5819,0.394882,524500,524500,524500,0,1,2364.82,0.00261287,0.473597,0.250853,0.970186,0.0118615,0.0147898,0.802005,Casablanca-Settat
96644757B53695376753874,Préfecture d'Oujda-Angad عمالة وجدة - أنجاد,1834.37,998,2997.23,5507.85,1.63393,3.00324,0.615845,4.26623,82.808,1128.59,0.615248,104.735,0.0570959,598457,598457,589931,8525.83,0.985754,326.246,0.00500827,0.844215,0.263336,3.19636,0.0259416,0.0168752,1.53726,Oriental
96644757B15248572972708,Province de Khouribga إقليم خريبكة,4403.54,2347,2590.96,4864.59,0.588381,1.10394,0,1.6379,91.3422,1464.4,0.33255,86.3747,0.0196148,564307,564307,490492,73814.5,0.869194,128.148,0.0045914,0.902248,0.516128,5.04045,0.0224252,0.0159123,1.4093,Béni Mellal-Khénifra
96644757B8060198419886,Province de Tan-Tan إقليم طانطان,9485.21,4812,276.222,542.843,0.0291214,0.0574028,0,0,27.8031,196.587,0.0207256,11.79,0.00124299,96157.4,95143.6,92240,2903.62,0.969482,10.1376,0.0028726,0.991843,0.472014,13.3088,0.00239075,0.00271144,0.881728,Guelmim-Oued Noun
96644757B52167870329218,Tiznit Province,5066.66,2608,587.776,1141.28,0.116009,0.225374,0,0.26879,48.3993,534.035,0.105402,21.3568,0.00421517,201583,201547,109787,91760.3,0.544721,39.7861,0.0029158,0.961607,0.749573,8.37036,0.00508731,0.00568422,0.894989,Souss-Massa
96644757B46616002618727,Chichaoua Province,7078.41,3707,952.027,1816.36,0.134497,0.256819,0,0.695391,45.3941,1792.11,0.253179,15.251,0.00215458,394126,394126,220784,173341,0.560187,55.68,0.00241554,0.85485,0.846514,5.21366,0.00823998,0.0111135,0.741436,Marrakech-Safi
96644757B30309850889145,Province de Sidi Bennour إقليم سيدي بنور,3249.17,1726,783.022,1473.73,0.240992,0.453663,0,0.948049,44.0553,1136.98,0.34993,24.455,0.00752653,460037,460037,282993,177043,0.615154,141.586,0.00170209,0.83535,0.815006,4.24691,0.00677721,0.0129721,0.522445,Casablanca-Settat
96644757B36466177595872,Guelmim Province,10838.3,5537,757.605,1480.63,0.0699006,0.136826,0,0,59.8212,609.775,0.0562611,25.4065,0.00234414,199685,198676,166162,32513.9,0.836347,18.424,0.00379399,0.98162,0.589278,12.0731,0.00655721,0.00563071,1.16454,Guelmim-Oued Noun
96644757B63187791317705,Agadir Ida-Outanane Prefecture,2403.52,1250,3016.07,5811.57,1.25485,2.41286,0,2.55716,91.3422,937.067,0.389872,119.495,0.0497164,722449,722449,688227,34221.6,0.952631,300.579,0.00417478,0.915182,0.42359,4.06642,0.0261047,0.0203716,1.28143,Souss-Massa
96644757B698999344864,Al Haouz Province,6076.73,3182,871.482,1662.13,0.143413,0.273879,0,0.879887,25.0341,1486.27,0.244584,9.53075,0.0015684,620093,620093,363041,257052,0.585462,102.044,0.00140541,0.850999,0.773056,3.41331,0.00754285,0.0174853,0.431381,Marrakech-Safi
96644757B99662254658575,Inezgane-Ait Melloul Prefecture,270.049,140,1356.21,2615.69,5.0221,9.68721,2.68852,34.2365,73.0304,254.613,0.942841,67.5051,0.249974,556208,556208,555647,561.087,0.998991,2059.66,0.00243831,0.670763,0.339664,1.53648,0.0117383,0.0156839,0.748426,Souss-Massa
96644757B18768670389586,Larache Province,2705.62,1481,1178.03,2153.45,0.435403,0.795431,0,1.11727,71.5267,816.952,0.301946,32.9144,0.0121652,499778,499778,390827,108951,0.782002,184.719,0.00235711,0.907219,0.639147,5.69665,0.0101961,0.0140927,0.723502,Tangier-Tetouan-Al Hoceima
96644757B89345886069248,Nouaceur Province,512.975,275,3099.17,5779.33,6.04157,11.2697,6.15553,26.0524,91.3422,512.975,1,193.898,0.377986,450509,450509,450509,0,1,878.227,0.00687928,0.509455,0.330946,1.06866,0.0268239,0.0127034,2.11155,Casablanca-Settat
96644757B41522516415054,Ouarzazate Province,11974.4,6245,582.711,1117.21,0.0486633,0.0933085,0,0,45.1362,519.485,0.0433831,23.0106,0.00192165,310353,310350,149876,160474,0.482925,25.9181,0.00187758,0.982504,0.795158,12.0759,0.00504348,0.0087513,0.576312,Drâa-Tafilalet
96644757B2759448404756,Préfecture de Fès عمالة فاس,305.753,165,3129.02,5796.14,10.2338,18.9637,4.28349,59.3096,82.9983,272.387,0.890873,111.14,0.363497,1.20376e+06,1.20376e+06,1.20296e+06,807.133,0.999329,3937.04,0.00259936,0.655591,0.203692,1.30716,0.0270822,0.0339436,0.797859,Fez-Meknes
96644757B80339347175881,Préfecture de Marrakech عمالة مراكش,2613.77,1375,4531.15,8621.52,1.73357,3.29538,0.565717,7.38461,82.7822,1527.44,0.584382,232.134,0.0888121,1.51182e+06,1.51182e+06,1.47186e+06,39956.4,0.973571,578.405,0.00299715,0.820169,0.409334,2.54107,0.0392179,0.0426302,0.919957,Marrakech-Safi
96644757B27397508075839,Prefecture of Mohammédia,281.024,151,1976.69,3677.3,7.03388,13.0906,4.52644,35.4523,91.2403,281.024,1,96.7332,0.344217,744821,744821,744821,0,1,2650.38,0.00265391,0.588543,0.371415,1.27635,0.0171086,0.0210024,0.814602,Casablanca-Settat
96644757B53936679900609,Essaouira Province,6509.14,3411,739.129,1409.22,0.113553,0.21669,0,0.572959,61.0634,1039.13,0.159641,19.0601,0.0029282,442221,442221,194684,247538,0.44024,67.9385,0.0016714,0.924576,0.886859,7.37135,0.0063973,0.0124697,0.513027,Marrakech-Safi
96644757B91545835536411,Prefecture of Rabat,113.067,61,3356.27,6220.33,29.6839,55.0208,52.8452,91.3422,91.3422,113.067,1,100.088,0.885214,540452,540452,540452,0,1,4779.94,0.00621011,0.319569,0.16191,0.564848,0.0290491,0.0152396,1.90616,Rabat-Salé-Kenitra
96644757B10773066300421,Province d'Azilal إقليم أزيلال,9543.21,5028,914.361,1733.2,0.0958128,0.181854,0,0.506075,61.2401,1336.46,0.140044,18.9556,0.00198629,591902,591902,293461,298441,0.495793,62.0233,0.00154479,0.928197,0.849013,6.81857,0.00791397,0.0166904,0.474163,Béni Mellal-Khénifra
96644757B40957387644980,Province de Beni Mellal إقليم بني ملال,4444.59,2357,2283.02,4306.89,0.513663,0.968613,0,1.59115,84.2713,1416.03,0.318596,79.2298,0.0178261,596431,596431,537497,58933.7,0.901189,134.193,0.00382781,0.894997,0.622079,4.74616,0.01976,0.0168181,1.17492,Béni Mellal-Khénifra
96644757B62254917052717,Assa-Zag Province,21205.2,10750,199.234,391.377,0.00939553,0.0185334,0,0,44.6416,137.663,0.00649197,9.82066,0.000463125,18944.7,17908.8,2234.51,15674.3,0.124772,0.893398,0.0105166,0.99788,0.95225,30.2305,0.00172441,0.000534201,3.22801,Guelmim-Oued Noun
96644757B81090244987905,Province de Boulemane إقليم بولمان,14164.6,7580,721.777,1349.41,0.0509565,0.0952212,0,0,47.9504,988.353,0.0697765,16.8412,0.00118897,203539,203539,124784,78755.2,0.61307,14.3696,0.00354614,0.967414,0.804074,10.8261,0.00624712,0.00573938,1.08847,Fez-Meknes
96644757B50122508033550,Province de Fquih Ben Saleh إقليم الفقيه بن صالح,2456.46,1302,1856.19,3501.99,0.755636,1.42565,0.804081,2.25643,73.7361,1730.39,0.704425,49.0346,0.0199615,521522,521522,494360,27162.2,0.947917,212.306,0.00355918,0.684726,0.668848,2.86979,0.0160657,0.0147059,1.09247,Béni Mellal-Khénifra
96644757B63064605054668,Province de Guercif إقليم جرسيف,7144.59,3864,599.899,1108.54,0.0839656,0.155253,0,0,59.906,532.363,0.0745128,20.3263,0.00284499,238279,238279,151531,86748,0.63594,33.351,0.00251763,0.97539,0.697204,11.125,0.00519224,0.00671898,0.772772,Oriental
96644757B21390270390615,Province de Jerada إقليم جرادة,6916.88,3735,596.948,1102.58,0.0863031,0.159826,0,0.283571,29.2998,733.102,0.105987,22.1675,0.00320484,109332,109150,80112.7,29037.1,0.73397,15.8066,0.00545995,0.954636,0.637172,6.92379,0.0051667,0.00308294,1.6759,Oriental
96644757B52871738396395,Province de Khénifra إقليم خنيفرة,6693.01,3571,848.883,1591.94,0.126831,0.237716,0,0.411351,71.5429,915.253,0.136748,28.1285,0.00420267,376497,376497,298050,78447.3,0.791639,56.2522,0.00225469,0.946545,0.650734,7.78597,0.00734725,0.0106164,0.692063,Béni Mellal-Khénifra
96644757B90056368806308,Province d'El Hajeb إقليم الحاجب,2119.82,1140,939.441,1744.67,0.44317,0.824071,0,1.43805,53.0284,891.602,0.420603,31.5672,0.0148915,281512,281512,249095,32416.6,0.884848,132.8,0.00333713,0.828563,0.678811,4.0255,0.00813104,0.00793805,1.02431,Fez-Meknes
96644757B21870556317795,Province d'El Kelâat Es-Sraghna إقليم قلعة السراغنة,4094.85,2162,1372.32,2601.24,0.335133,0.634744,0,1.05937,53.5597,1700.33,0.415237,39.81,0.00972198,583427,583424,465545,117879,0.797953,142.479,0.00235216,0.827718,0.766201,4.72427,0.0118777,0.0164515,0.721983,Marrakech-Safi
96644757B71822601453569,Province de Midelt إقليم ميدلت,12690,6728,850.439,1600.92,0.0670163,0.126403,0,0.109148,70.2924,962.358,0.0758357,26.3391,0.00207558,313376,313368,202003,111365,0.64462,24.6947,0.0027138,0.967563,0.776032,10.9637,0.00736071,0.00883656,0.832983,Drâa-Tafilalet
96644757B1478822582790,Province de Sefrou إقليم صفرو,3446.39,1855,1022.95,1899.18,0.296816,0.551453,0,1.15474,59.8782,1225.26,0.35552,22.2814,0.00646513,306070,306070,266719,39350.9,0.871432,88.8088,0.0033422,0.838027,0.670336,4.32214,0.00885379,0.00863054,1.02587,Fez-Meknes
96644757B70524131405695,Province d'Es-Semara إقليم السمارة,64909,32536,49.2675,98.3824,0.000759024,0.00151425,0,0,2.90602,97.8281,0.00150716,0,0,167.902,17.4287,0,17.4287,0,0.00258672,0.293431,0.998837,1,28.8127,0.00042642,4.73448e-06,90.0668,Laâyoune-Sakia El Hamra
96644757B4563753155162,Province de Taourirt إقليم تاوريرت,7501.47,4056,1151.9,2123.32,0.153557,0.284,0,0.586828,70.6494,1265.15,0.168654,31.3294,0.00417644,249977,249976,203466,46509.9,0.813943,33.3237,0.00460805,0.940143,0.550982,8.91639,0.00996995,0.00704883,1.41441,Oriental
96644757B39685617616684,Province de Tinghir إقليم تنغير,13385,7011,756.454,1443.14,0.0565151,0.107895,0,0,50.5282,879.793,0.0657299,22.889,0.00171005,346551,346497,182023,164474,0.525323,25.8911,0.0021828,0.970771,0.826771,10.2133,0.00654725,0.00977204,0.669998,Drâa-Tafilalet
96644757B64717664824106,Province d'Ifrane ⵜⴰⵙⴳⴰ ⵏ ⵉⴼⵔⴰⵏ إقليم إفران,3756.7,2012,716.051,1335.43,0.190606,0.35589,0,0.646228,71.4655,638.001,0.16983,18.6451,0.00496315,165670,165670,128417,37252.7,0.775139,44.0998,0.00432216,0.943484,0.719006,8.08877,0.00619756,0.00467155,1.32666,Fez-Meknes
96644757B84561517472973,Tetouan Province,1902.41,1045,1557.75,2832.67,0.818827,1.49067,0,2.12241,69.6759,724.132,0.380639,60.0017,0.0315398,593391,593391,530396,62994.9,0.893839,311.915,0.00262516,0.894453,0.474597,4.04634,0.0134826,0.0167324,0.805777,Tangier-Tetouan-Al Hoceima
96644757B83322507681707,Zagora Province,20955,10864,363.294,700.476,0.0173368,0.0334402,0,0,35.8006,399.048,0.019043,11.5733,0.000552292,317906,316806,106445,210361,0.335995,15.1709,0.00114277,0.991885,0.884073,18.6709,0.00314438,0.00896431,0.350767,Drâa-Tafilalet
96644757B90795389022281,Laayoune Province,10726.8,5377,651.243,1296.05,0.060712,0.121116,0,0,36.3459,501.836,0.0467836,25.8596,0.00241076,0,0,0,0,,0,,0.9796,0.979563,8.99897,0.00563663,0,,Laâyoune-Sakia El Hamra
96644757B60043813814440,Prefecture de Meknès عمالة مكناس,1780.54,961,2296.88,4260.81,1.28999,2.39009,0.477126,3.58299,68.1242,1060.23,0.595456,94.6265,0.053145,891416,891416,859218,32198.5,0.963879,500.645,0.00257666,0.83559,0.417255,3.04122,0.0198799,0.0251361,0.790891,Fez-Meknes
96644757B99361415702964,Prefecture of Tangier - Assilah,1032.62,568,5363.91,9733.55,5.19445,9.4435,1.07373,29.6067,91.3422,732.475,0.709334,183.287,0.177497,1.23163e+06,1.23163e+06,1.21744e+06,14182.5,0.988485,1192.72,0.00435514,0.818503,0.244532,2.25457,0.0464257,0.0347294,1.33678,Tangier-Tetouan-Al Hoceima
96644757B69343874835814,Province de Berkane إقليم بركان,1788.14,975,2010.32,3682.41,1.12425,2.06186,0.415198,2.65972,74.0444,989.674,0.553465,71.429,0.039946,296388,296388,279394,16994,0.942663,165.752,0.00678273,0.838717,0.49682,3.49965,0.0173997,0.00835752,2.08192,Oriental
96644757B88930410593624,Province de Driouch إقليم الدريوش,2998.39,1637,1719.96,3148.16,0.573627,1.05068,0.541851,2.16084,61.5563,1837.68,0.61289,29.2985,0.0097714,199946,199946,174426,25519.7,0.872367,66.6843,0.00860214,0.68682,0.715017,2.39324,0.0148866,0.00563806,2.64038,Oriental
96644757B36967765471663,Province de Taounate إقليم تاونات,5582.73,3030,1379.7,2542.07,0.247137,0.455347,0,1.00645,47.1101,2332.73,0.417847,16.5904,0.00297174,661383,661382,409353,252030,0.618935,118.469,0.00208609,0.774609,0.830298,3.55109,0.0119416,0.0186496,0.640311,Fez-Meknes
96644757B6720908192283,Prefecture of Salé,713.507,385,2475.84,4585.28,3.46996,6.43076,1.10371,20.0975,91.3422,466.876,0.65434,111.112,0.155727,1.01715e+06,1.01715e+06,1.00741e+06,9735.09,0.990429,1425.56,0.00243411,0.804401,0.3192,2.20034,0.0214289,0.0286814,0.747135,Rabat-Salé-Kenitra
96644757B25593504689486,Province d'Aousserd إقليم أوسرد,60465.3,29200,50.8747,105.546,0.000841387,0.00174228,0,0,8.43388,85.0986,0.0014074,0,0,0,0,0,0,,0,,0.999082,0.999084,38.9077,0.00044033,0,,Dakhla-Oued Ed-Dahab
96644757B69656421663665,Prefecture of Casablanca,210.432,113,6572.04,12238.3,31.2312,58.1596,60.9568,84.3114,91.3422,210.432,1,208.569,0.99115,2.88847e+06,2.88847e+06,2.88847e+06,0,1,13726.4,0.00227527,0.187769,0.155571,0.331216,0.0568822,0.0814488,0.69838,Casablanca-Settat
96644757B26045285741175,Berrechid Province,2527.07,1352,2952.91,5514.6,1.16851,2.1841,0.992076,3.79605,76.3622,1988.35,0.786822,84.0168,0.0332468,588641,588641,558753,29888.2,0.949225,232.935,0.00501648,0.692696,0.586154,2.74705,0.025558,0.0165985,1.53978,Casablanca-Settat
96644757B5863178934624,El Jadida Province,3861.28,2061,3297.56,6169.23,0.854006,1.59998,0,2.28644,91.3422,1675.59,0.433946,114.104,0.0295509,841504,841504,664585,176919,0.789759,217.934,0.00391865,0.87944,0.647311,4.10094,0.028541,0.0237287,1.20281,Casablanca-Settat
96644757B78111329468616,Oued Ed-Dahab Province,67587.6,32995,459.208,939.309,0.00679427,0.0139175,0,0,76.3845,208.471,0.00308445,24.5494,0.000363224,5.17375,5.17375,0,5.17375,0,7.65489e-05,88.7572,0.999209,0.999995,47.911,0.00397453,1.45889e-07,27243.5,Dakhla-Oued Ed-Dahab
